event_id,measure_id
80,186
80,187
82,188
82,189
82,190
83,191
83,192
83,193
84,194
84,195
85,196
85,197
86,198
87,199
87,200
87,201
88,202
88,203
89,204
89,205
90,206
90,207
90,208
91,209
91,210
92,211
93,212
93,213
93,214
94,215
94,216
94,217
96,218
96,219
96,220
97,221
97,222
98,223
98,224
99,225
99,226
99,227
100,228
100,229
100,230
101,231
101,232
102,233
102,234
102,235
103,236
103,237
103,238
104,239
104,240
105,241
105,242
105,243
106,244
106,245
106,246
107,247
107,248
108,249
108,250
109,251
109,252
109,253
110,254
110,255
110,256
111,257
111,258
111,259
111,260
112,261
112,262
112,263
113,264
114,265
114,266
114,267
115,268
115,269
115,270
116,271
116,272
117,273
117,274
118,275
118,276
118,277
119,278
119,279
120,280
120,281
120,282
121,283
121,284
122,285
122,286
123,287
123,288
123,289
124,290
124,291
125,292
125,293
126,294
126,295
127,296
127,297
127,298
128,299
128,300
129,301
129,302
130,303
130,304
131,305
131,306
132,307
133,308
133,309
133,310
134,311
134,312
134,313
136,314
136,315
137,316
137,317
138,318
138,319
138,320
139,321
139,322
140,323
140,324
140,325
141,326
141,327
141,328
142,329
142,330
142,331
143,332
143,333
143,334
144,335
145,336
145,337
146,338
146,339
146,340
147,341
147,342
147,343
148,344
148,345
148,346
149,347
150,348
150,349
151,350
151,351
152,352
152,353
152,354
153,355
153,356
154,357
154,358
155,359
155,360
156,361
156,362
156,363
157,364
157,365
157,366
158,367
158,368
159,369
159,370
159,371
160,372
160,373
161,374
161,375
162,376
162,377
162,378
163,379
163,380
164,381
164,382
164,383
165,384
165,385
165,386
166,387
166,388
166,389
167,390
167,391
167,392
168,393
168,394
168,395
169,396
169,397
169,398
170,399
170,400
170,401
171,402
172,403
172,404
172,405
173,406
173,407
173,408
174,409
174,410
175,411
175,412
175,413
176,414
176,415
177,416
177,417
178,418
178,419
178,420
179,421
179,422
180,423
180,424
181,425
181,426
182,427
182,428
182,429
183,430
183,431
183,432
183,433
184,434
184,435
185,436
185,437
186,438
186,439
186,440
187,441
187,442
187,443
188,444
189,445
189,446
189,447
190,448
190,449
190,450
191,451
191,452
191,453
192,454
192,455
193,456
193,457
194,458
194,459
195,460
195,461
195,462
196,463
196,464
197,465
197,466
197,467
198,468
198,469
199,470
199,471
199,472
200,473
200,474
200,475
201,476
201,477
202,478
202,479
202,480
203,481
203,482
205,483
205,484
205,485
206,486
206,487
206,488
207,489
207,490
208,491
208,492
209,493
209,494
209,495
210,496
210,497
210,498
211,499
211,500
211,501
212,502
212,503
213,504
213,505
213,506
214,507
214,508
214,509
215,510
215,511
216,512
216,513
217,514
217,515
217,516
218,517
219,518
219,519
219,520
222,521
222,522
222,523
224,524
224,525
225,526
225,527
225,528
226,529
226,530
227,531
227,532
227,533
229,534
229,535
229,536
230,537
232,538
232,539
233,540
233,541
234,542
234,543
235,544
235,545
235,546
236,547
236,548
237,549
237,550
238,551
238,552
238,553
239,554
239,555
241,556
241,557
241,558
242,559
242,560
242,561
243,562
243,563
244,564
244,565
245,566
245,567
247,568
247,569
247,570
248,571
249,572
249,573
250,574
250,575
250,576
251,577
251,578
252,579
253,580
253,581
254,582
254,583
255,584
256,585
256,586
256,587
257,588
257,589
258,590
258,591
259,592
259,593
259,594
260,595
260,596
260,597
261,598
261,599
262,600
262,601
263,602
263,603
263,604
264,605
264,606
264,607
265,608
265,609
266,610
266,611
266,612
267,613
267,614
267,615
267,616
268,617
268,618
269,619
269,620
269,621
270,622
271,623
271,624
272,625
272,626
272,627
273,628
273,629
273,630
274,631
274,632
274,633
275,634
275,635
276,636
276,637
276,638
277,639
277,640
278,641
278,642
279,643
279,644
280,645
280,646
280,647
282,648
282,649
282,650
282,651
283,652
283,653
283,654
284,655
284,656
285,657
286,658
286,659
288,660
288,661
288,662
289,663
289,664
289,665
290,666
290,667
291,668
291,669
292,670
292,671
293,672
294,673
294,674
295,675
295,676
295,677
296,678
296,679
297,680
297,681
297,682
298,683
298,684
298,685
299,686
299,687
300,688
300,689
300,690
302,691
303,692
303,693
303,694
304,695
304,696
304,697
305,698
305,699
306,700
307,701
307,702
307,703
308,704
308,705
308,706
309,707
309,708
309,709
310,710
310,711
311,712
311,713
312,714
312,715
312,716
313,717
313,718
313,719
314,720
314,721
315,722
315,723
315,724
316,725
316,726
317,727
317,728
317,729
318,730
318,731
318,732
319,733
319,734
319,735
320,736
321,737
321,738
321,739
322,740
322,741
323,742
323,743
324,744
324,745
324,746
325,747
325,748
325,749
326,750
326,751
326,752
327,753
328,754
328,755
328,756
329,757
330,758
330,759
330,760
331,761
331,762
331,763
332,764
332,765
333,766
333,767
333,768
334,769
334,770
335,771
335,772
335,773
336,774
337,775
337,776
337,777
338,778
338,779
339,780
339,781
339,782
340,783
340,784
341,785
341,786
341,787
343,788
343,789
344,790
344,791
344,792
345,793
345,794
345,795
346,796
346,797
347,798
348,799
348,800
349,801
349,802
350,803
350,804
350,805
351,806
351,807
351,808
352,809
352,810
352,811
353,812
353,813
354,814
354,815
355,816
355,817
355,818
356,819
356,820
357,821
357,822
358,823
358,824
359,825
359,826
359,827
360,828
360,829
361,830
361,831
362,832
363,833
363,834
363,835
364,836
364,837
365,838
365,839
366,840
366,841
366,842
367,843
367,844
367,845
368,846
369,847
369,848
369,849
370,850
370,851
370,852
371,853
371,854
372,855
372,856
373,857
373,858
375,859
375,860
375,861
376,862
376,863
376,864
377,865
377,866
378,867
378,868
378,869
379,870
379,871
379,872
380,873
380,874
381,875
381,876
381,877
382,878
382,879
382,880
383,881
383,882
383,883
384,884
385,885
385,886
386,887
386,888
386,889
387,890
387,891
387,892
388,893
388,894
389,895
389,896
389,897
390,898
390,899
391,900
391,901
392,902
392,903
393,904
393,905
393,906
394,907
394,908
395,909
395,910
395,911
396,912
396,913
397,914
397,915
398,916
398,917
399,918
399,919
400,920
400,921
401,922
401,923
401,924
402,925
402,926
403,927
403,928
404,929
405,930
405,931
406,932
406,933
406,934
407,935
407,936
408,937
408,938
408,939
409,940
409,941
410,942
410,943
411,944
411,945
411,946
412,947
412,948
413,949
413,950
414,951
414,952
415,953
415,954
415,955
416,956
417,957
417,958
418,959
418,960
419,961
419,962
419,963
420,964
420,965
420,966
421,967
421,968
421,969
422,970
422,971
423,972
423,973
424,974
424,975
424,976
425,977
425,978
426,979
427,980
427,981
428,982
428,983
429,984
429,985
430,986
430,987
431,988
431,989
432,990
432,991
432,992
433,993
433,994
434,995
434,996
436,997
436,998
437,999
437,1000
438,1001
438,1002
438,1003
439,1004
439,1005
440,1006
440,1007
440,1008
441,1009
441,1010
441,1011
442,1012
442,1013
443,1014
443,1015
443,1016
444,1017
444,1018
444,1019
445,1020
445,1021
445,1022
446,1023
446,1024
447,1025
447,1026
447,1027
448,1028
448,1029
449,1030
449,1031
450,1032
450,1033
450,1034
451,1035
451,1036
452,1037
452,1038
453,1039
453,1040
454,1041
454,1042
455,1043
455,1044
455,1045
456,1046
456,1047
457,1048
457,1049
458,1050
459,1051
459,1052
459,1053
460,1054
460,1055
461,1056
461,1057
461,1058
463,1059
463,1060
464,1061
464,1062
464,1063
465,1064
465,1065
465,1066
466,1067
467,1068
467,1069
468,1070
468,1071
468,1072
469,1073
470,1074
470,1075
471,1076
471,1077
471,1078
472,1079
472,1080
472,1081
473,1082
473,1083
474,1084
474,1085
474,1086
475,1087
475,1088
475,1089
476,1090
476,1091
477,1092
477,1093
477,1094
478,1095
478,1096
480,1097
480,1098
480,1099
481,1100
481,1101
482,1102
482,1103
482,1104
483,1105
483,1106
483,1107
485,1108
485,1109
486,1110
486,1111
487,1112
487,1113
488,1114
488,1115
489,1116
489,1117
490,1118
490,1119
491,1120
491,1121
491,1122
492,1123
492,1124
493,1125
493,1126
494,1127
494,1128
495,1129
495,1130
495,1131
496,1132
496,1133
496,1134
497,1135
497,1136
498,1137
498,1138
498,1139
499,1140
499,1141
500,1142
500,1143
501,1144
501,1145
501,1146
502,1147
502,1148
503,1149
503,1150
504,1151
504,1152
505,1153
505,1154
506,1155
506,1156
506,1157
507,1158
507,1159
509,1160
509,1161
509,1162
510,1163
510,1164
511,1165
511,1166
511,1167
512,1168
513,1169
513,1170
513,1171
514,1172
514,1173
515,1174
515,1175
516,1176
516,1177
516,1178
517,1179
517,1180
517,1181
518,1182
519,1183
519,1184
519,1185
520,1186
520,1187
521,1188
521,1189
521,1190
522,1191
523,1192
523,1193
523,1194
524,1195
524,1196
524,1197
525,1198
526,1199
526,1200
526,1201
527,1202
527,1203
528,1204
528,1205
529,1206
529,1207
530,1208
530,1209
531,1210
532,1211
532,1212
533,1213
533,1214
534,1215
534,1216
534,1217
535,1218
535,1219
535,1220
536,1221
536,1222
537,1223
538,1224
538,1225
538,1226
539,1227
539,1228
539,1229
540,1230
540,1231
541,1232
541,1233
541,1234
542,1235
542,1236
542,1237
543,1238
543,1239
544,1240
544,1241
544,1242
546,1243
546,1244
547,1245
547,1246
548,1247
548,1248
549,1249
549,1250
549,1251
550,1252
550,1253
551,1254
551,1255
551,1256
552,1257
552,1258
553,1259
553,1260
553,1261
554,1262
554,1263
555,1264
555,1265
556,1266
556,1267
556,1268
557,1269
558,1270
558,1271
559,1272
559,1273
559,1274
560,1275
560,1276
560,1277
561,1278
561,1279
562,1280
562,1281
562,1282
563,1283
563,1284
563,1285
564,1286
564,1287
564,1288
565,1289
565,1290
565,1291
566,1292
566,1293
567,1294
567,1295
567,1296
568,1297
568,1298
568,1299
569,1300
569,1301
570,1302
570,1303
570,1304
571,1305
571,1306
572,1307
572,1308
573,1309
574,1310
574,1311
575,1312
575,1313
575,1314
576,1315
576,1316
576,1317
577,1318
577,1319
578,1320
578,1321
578,1322
579,1323
579,1324
580,1325
580,1326
581,1327
581,1328
581,1329
582,1330
582,1331
582,1332
583,1333
583,1334
584,1335
584,1336
584,1337
585,1338
585,1339
586,1340
586,1341
586,1342
587,1343
587,1344
588,1345
588,1346
588,1347
589,1348
589,1349
589,1350
590,1351
590,1352
591,1353
591,1354
591,1355
592,1356
592,1357
592,1358
593,1359
593,1360
593,1361
594,1362
594,1363
595,1364
595,1365
595,1366
596,1367
596,1368
597,1369
597,1370
598,1371
598,1372
599,1373
600,1374
600,1375
600,1376
601,1377
601,1378
601,1379
602,1380
602,1381
602,1382
603,1383
604,1384
604,1385
605,1386
605,1387
606,1388
607,1389
607,1390
608,1391
608,1392
609,1393
610,1394
611,1395
611,1396
611,1397
612,1398
612,1399
613,1400
613,1401
613,1402
614,1403
614,1404
615,1405
615,1406
615,1407
616,1408
616,1409
617,1410
617,1411
617,1412
618,1413
618,1414
618,1415
620,1416
620,1417
621,1418
621,1419
621,1420
622,1421
622,1422
623,1423
623,1424
624,1425
624,1426
624,1427
625,1428
625,1429
625,1430
626,1431
626,1432
627,1433
627,1434
627,1435
628,1436
628,1437
629,1438
629,1439
630,1440
630,1441
630,1442
631,1443
631,1444
631,1445
632,1446
632,1447
633,1448
633,1449
633,1450
634,1451
634,1452
634,1453
635,1454
636,1455
636,1456
636,1457
637,1458
637,1459
637,1460
640,1461
640,1462
641,1463
641,1464
642,1465
643,1466
643,1467
643,1468
644,1469
644,1470
645,1471
645,1472
645,1473
646,1474
646,1475
646,1476
647,1477
647,1478
648,1479
648,1480
648,1481
649,1482
649,1483
650,1484
650,1485
651,1486
651,1487
652,1488
652,1489
653,1490
653,1491
654,1492
654,1493
654,1494
655,1495
655,1496
656,1497
656,1498
656,1499
657,1500
657,1501
657,1502
658,1503
658,1504
658,1505
659,1506
659,1507
659,1508
660,1509
660,1510
660,1511
661,1512
661,1513
662,1514
662,1515
662,1516
663,1517
663,1518
664,1519
664,1520
665,1521
665,1522
665,1523
666,1524
666,1525
667,1526
667,1527
667,1528
668,1529
668,1530
668,1531
669,1532
669,1533
669,1534
669,1535
670,1536
670,1537
670,1538
671,1539
671,1540
671,1541
672,1542
672,1543
673,1544
673,1545
673,1546
674,1547
674,1548
674,1549
675,1550
675,1551
675,1552
676,1553
676,1554
677,1555
677,1556
677,1557
678,1558
678,1559
678,1560
679,1561
679,1562
679,1563
680,1564
680,1565
681,1566
681,1567
682,1568
682,1569
683,1570
684,1571
684,1572
685,1573
685,1574
686,1575
686,1576
686,1577
687,1578
687,1579
688,1580
688,1581
688,1582
689,1583
689,1584
690,1585
690,1586
690,1587
691,1588
691,1589
692,1590
692,1591
692,1592
693,1593
693,1594
693,1595
694,1596
694,1597
694,1598
695,1599
695,1600
696,1601
696,1602
696,1603
700,1604
700,1605
701,1606
701,1607
701,1608
702,1609
702,1610
703,1611
703,1612
703,1613
704,1614
704,1615
705,1616
705,1617
705,1618
706,1619
706,1620
706,1621
707,1622
707,1623
707,1624
708,1625
708,1626
709,1627
709,1628
710,1629
710,1630
711,1631
711,1632
711,1633
712,1634
712,1635
713,1636
713,1637
714,1638
714,1639
714,1640
715,1641
715,1642
715,1643
716,1644
716,1645
717,1646
718,1647
718,1648
719,1649
719,1650
720,1651
720,1652
720,1653
721,1654
721,1655
721,1656
722,1657
722,1658
723,1659
723,1660
723,1661
724,1662
724,1663
725,1664
725,1665
726,1666
726,1667
726,1668
727,1669
727,1670
727,1671
728,1672
728,1673
729,1674
729,1675
729,1676
730,1677
730,1678
730,1679
731,1680
731,1681
732,1682
732,1683
733,1684
733,1685
733,1686
734,1687
734,1688
736,1689
736,1690
736,1691
737,1692
737,1693
738,1694
738,1695
738,1696
739,1697
739,1698
739,1699
740,1700
740,1701
741,1702
741,1703
741,1704
741,1705
742,1706
742,1707
743,1708
743,1709
745,1710
745,1711
746,1712
746,1713
746,1714
747,1715
747,1716
748,1717
748,1718
748,1719
749,1720
749,1721
750,1722
750,1723
751,1724
751,1725
751,1726
752,1727
752,1728
753,1729
753,1730
753,1731
754,1732
754,1733
754,1734
755,1735
755,1736
756,1737
756,1738
756,1739
757,1740
757,1741
759,1742
759,1743
759,1744
760,1745
760,1746
761,1747
762,1748
762,1749
762,1750
763,1751
763,1752
764,1753
764,1754
765,1755
765,1756
765,1757
766,1758
766,1759
766,1760
767,1761
767,1762
768,1763
768,1764
768,1765
769,1766
769,1767
769,1768
770,1769
770,1770
770,1771
771,1772
771,1773
772,1774
772,1775
773,1776
773,1777
773,1778
774,1779
774,1780
774,1781
775,1782
775,1783
775,1784
776,1785
776,1786
777,1787
777,1788
778,1789
778,1790
778,1791
779,1792
779,1793
779,1794
780,1795
780,1796
780,1797
782,1798
782,1799
783,1800
783,1801
783,1802
787,1803
787,1804
788,1805
788,1806
788,1807
789,1808
789,1809
789,1810
790,1811
790,1812
791,1813
791,1814
792,1815
792,1816
792,1817
793,1818
793,1819
793,1820
794,1821
794,1822
795,1823
795,1824
795,1825
796,1826
796,1827
797,1828
797,1829
797,1830
798,1831
798,1832
798,1833
799,1834
799,1835
799,1836
800,1837
800,1838
801,1839
801,1840
801,1841
801,1842
802,1843
802,1844
803,1845
803,1846
804,1847
804,1848
805,1849
805,1850
806,1851
806,1852
807,1853
807,1854
807,1855
808,1856
808,1857
808,1858
809,1859
809,1860
810,1861
810,1862
811,1863
811,1864
812,1865
812,1866
813,1867
813,1868
813,1869
814,1870
814,1871
814,1872
815,1873
815,1874
816,1875
816,1876
816,1877
817,1878
817,1879
818,1880
818,1881
820,1882
820,1883
821,1884
821,1885
821,1886
822,1887
822,1888
823,1889
823,1890
824,1891
824,1892
825,1893
825,1894
825,1895
826,1896
826,1897
827,1898
827,1899
827,1900
829,1901
829,1902
830,1903
830,1904
830,1905
831,1906
831,1907
831,1908
832,1909
832,1910
833,1911
833,1912
833,1913
834,1914
834,1915
834,1916
835,1917
835,1918
835,1919
836,1920
836,1921
837,1922
837,1923
837,1924
838,1925
838,1926
839,1927
840,1928
841,1929
841,1930
842,1931
842,1932
842,1933
843,1934
843,1935
843,1936
844,1937
844,1938
845,1939
845,1940
845,1941
846,1942
846,1943
846,1944
846,1945
848,1946
848,1947
850,1948
850,1949
850,1950
851,1951
851,1952
852,1953
853,1954
853,1955
854,1956
854,1957
855,1958
855,1959
855,1960
857,1961
857,1962
858,1963
858,1964
858,1965
859,1966
859,1967
859,1968
860,1969
860,1970
861,1971
862,1972
863,1973
863,1974
864,1975
864,1976
864,1977
865,1978
865,1979
865,1980
866,1981
866,1982
867,1983
867,1984
867,1985
868,1986
868,1987
868,1988
869,1989
869,1990
870,1991
870,1992
871,1993
871,1994
872,1995
873,1996
873,1997
874,1998
874,1999
874,2000
875,2001
875,2002
876,2003
877,2004
877,2005
877,2006
878,2007
878,2008
879,2009
879,2010
879,2011
880,2012
880,2013
881,2014
881,2015
881,2016
882,2017
882,2018
882,2019
883,2020
883,2021
884,2022
885,2023
885,2024
885,2025
886,2026
886,2027
887,2028
888,2029
888,2030
888,2031
889,2032
889,2033
890,2034
890,2035
891,2036
891,2037
891,2038
892,2039
892,2040
892,2041
893,2042
893,2043
894,2044
894,2045
895,2046
895,2047
895,2048
896,2049
896,2050
897,2051
897,2052
897,2053
898,2054
898,2055
899,2056
899,2057
900,2058
900,2059
901,2060
901,2061
902,2062
902,2063
902,2064
903,2065
903,2066
905,2067
905,2068
905,2069
906,2070
906,2071
907,2072
907,2073
907,2074
908,2075
908,2076
909,2077
909,2078
909,2079
911,2080
912,2081
912,2082
912,2083
913,2084
913,2085
914,2086
914,2087
914,2088
915,2089
915,2090
915,2091
916,2092
916,2093
917,2094
917,2095
918,2096
918,2097
918,2098
919,2099
919,2100
920,2101
920,2102
920,2103
921,2104
921,2105
921,2106
922,2107
922,2108
923,2109
923,2110
923,2111
924,2112
924,2113
924,2114
925,2115
925,2116
926,2117
926,2118
926,2119
927,2120
928,2121
928,2122
928,2123
929,2124
929,2125
930,2126
930,2127
930,2128
931,2129
931,2130
932,2131
932,2132
932,2133
933,2134
933,2135
933,2136
933,2137
934,2138
934,2139
935,2140
935,2141
935,2142
936,2143
936,2144
936,2145
937,2146
937,2147
937,2148
939,2149
940,2150
940,2151
941,2152
941,2153
941,2154
942,2155
942,2156
942,2157
943,2158
943,2159
943,2160
944,2161
944,2162
945,2163
945,2164
945,2165
946,2166
946,2167
946,2168
947,2169
947,2170
948,2171
948,2172
948,2173
952,2174
952,2175
952,2176
953,2177
953,2178
954,2179
955,2180
955,2181
955,2182
956,2183
956,2184
957,2185
957,2186
959,2187
959,2188
959,2189
960,2190
960,2191
961,2192
961,2193
962,2194
962,2195
963,2196
963,2197
964,2198
964,2199
965,2200
965,2201
966,2202
966,2203
966,2204
967,2205
967,2206
968,2207
968,2208
969,2209
969,2210
969,2211
970,2212
970,2213
970,2214
971,2215
971,2216
972,2217
972,2218
972,2219
973,2220
973,2221
973,2222
975,2223
975,2224
975,2225
976,2226
976,2227
976,2228
977,2229
977,2230
978,2231
978,2232
978,2233
979,2234
979,2235
979,2236
980,2237
980,2238
981,2239
981,2240
981,2241
982,2242
982,2243
982,2244
983,2245
984,2246
984,2247
984,2248
985,2249
985,2250
986,2251
987,2252
987,2253
988,2254
988,2255
989,2256
989,2257
990,2258
990,2259
990,2260
991,2261
991,2262
992,2263
992,2264
993,2265
993,2266
993,2267
994,2268
994,2269
995,2270
995,2271
995,2272
996,2273
996,2274
996,2275
997,2276
997,2277
998,2278
998,2279
999,2280
1002,2281
1002,2282
1002,2283
1003,2284
1003,2285
1004,2286
1004,2287
1004,2288
1005,2289
1005,2290
1005,2291
1007,2292
1007,2293
1007,2294
1008,2295
1008,2296
1008,2297
1009,2298
1009,2299
1010,2300
1010,2301
1010,2302
1011,2303
1011,2304
1012,2305
1012,2306
1012,2307
1013,2308
1013,2309
1014,2310
1014,2311
1014,2312
1015,2313
1015,2314
1016,2315
1016,2316
1016,2317
1017,2318
1017,2319
1017,2320
1017,2321
1018,2322
1018,2323
1019,2324
1019,2325
1019,2326
1020,2327
1020,2328
1021,2329
1021,2330
1022,2331
1022,2332
1022,2333
1023,2334
1023,2335
1024,2336
1024,2337
1024,2338
1025,2339
1025,2340
1026,2341
1026,2342
1026,2343
1027,2344
1027,2345
1027,2346
1028,2347
1028,2348
1029,2349
1029,2350
1030,2351
1030,2352
1030,2353
1031,2354
1031,2355
1032,2356
1032,2357
1032,2358
1033,2359
1033,2360
1035,2361
1035,2362
1035,2363
1036,2364
1036,2365
1037,2366
1037,2367
1037,2368
1038,2369
1038,2370
1038,2371
1039,2372
1039,2373
1040,2374
1040,2375
1041,2376
1042,2377
1042,2378
1042,2379
1043,2380
1043,2381
1043,2382
1044,2383
1044,2384
1044,2385
1045,2386
1045,2387
1046,2388
1046,2389
1047,2390
1047,2391
1048,2392
1048,2393
1049,2394
1049,2395
1049,2396
1050,2397
1050,2398
1050,2399
1051,2400
1051,2401
1052,2402
1052,2403
1052,2404
1053,2405
1053,2406
1053,2407
1054,2408
1054,2409
1055,2410
1055,2411
1056,2412
1056,2413
1056,2414
1057,2415
1057,2416
1057,2417
1058,2418
1058,2419
1059,2420
1059,2421
1059,2422
1060,2423
1060,2424
1061,2425
1061,2426
1062,2427
1062,2428
1062,2429
1063,2430
1063,2431
1063,2432
1064,2433
1064,2434
1065,2435
1065,2436
1065,2437
1066,2438
1066,2439
1066,2440
1067,2441
1067,2442
1068,2443
1068,2444
1068,2445
1069,2446
1069,2447
1071,2448
1071,2449
1072,2450
1072,2451
1073,2452
1073,2453
1073,2454
1074,2455
1074,2456
1075,2457
1075,2458
1075,2459
1076,2460
1076,2461
1078,2462
1078,2463
1078,2464
1079,2465
1079,2466
1079,2467
1080,2468
1080,2469
1080,2470
1081,2471
1081,2472
1082,2473
1083,2474
1083,2475
1083,2476
1084,2477
1084,2478
1085,2479
1085,2480
1085,2481
1086,2482
1086,2483
1087,2484
1087,2485
1088,2486
1088,2487
1089,2488
1089,2489
1089,2490
1090,2491
1090,2492
1090,2493
1091,2494
1091,2495
1092,2496
1092,2497
1092,2498
1093,2499
1093,2500
1093,2501
1094,2502
1095,2503
1095,2504
1095,2505
1096,2506
1096,2507
1096,2508
1097,2509
1098,2510
1098,2511
1098,2512
1099,2513
1099,2514
1100,2515
1101,2516
1101,2517
1102,2518
1102,2519
1103,2520
1103,2521
1104,2522
1105,2523
1105,2524
1106,2525
1106,2526
1106,2527
1107,2528
1107,2529
1107,2530
1108,2531
1108,2532
1109,2533
1109,2534
1109,2535
1110,2536
1110,2537
1111,2538
1111,2539
1112,2540
1112,2541
1112,2542
1113,2543
1113,2544
1114,2545
1114,2546
1115,2547
1115,2548
1116,2549
1117,2550
1117,2551
1117,2552
1119,2553
1119,2554
1120,2555
1120,2556
1121,2557
1121,2558
1121,2559
1122,2560
1122,2561
1122,2562
1122,2563
1123,2564
1123,2565
1124,2566
1124,2567
1125,2568
1125,2569
1125,2570
1126,2571
1126,2572
1127,2573
1127,2574
1128,2575
1128,2576
1128,2577
1129,2578
1129,2579
1129,2580
1130,2581
1130,2582
1131,2583
1131,2584
1131,2585
1132,2586
1132,2587
1132,2588
1133,2589
1133,2590
1134,2591
1134,2592
1134,2593
1135,2594
1135,2595
1136,2596
1136,2597
1137,2598
1138,2599
1138,2600
1138,2601
1139,2602
1139,2603
1140,2604
1140,2605
1140,2606
1142,2607
1142,2608
1142,2609
1143,2610
1143,2611
1143,2612
1143,2613
1144,2614
1144,2615
1145,2616
1145,2617
1145,2618
1146,2619
1146,2620
1147,2621
1147,2622
1147,2623
1148,2624
1148,2625
1148,2626
1149,2627
1149,2628
1149,2629
1150,2630
1150,2631
1151,2632
1151,2633
1151,2634
1152,2635
1152,2636
1152,2637
1153,2638
1153,2639
1154,2640
1154,2641
1154,2642
1155,2643
1155,2644
1155,2645
1156,2646
1156,2647
1157,2648
1157,2649
1158,2650
1158,2651
1158,2652
1159,2653
1159,2654
1160,2655
1160,2656
1161,2657
1161,2658
1162,2659
1162,2660
1163,2661
1164,2662
1164,2663
1164,2664
1165,2665
1165,2666
1166,2667
1166,2668
1167,2669
1167,2670
1167,2671
1168,2672
1168,2673
1168,2674
1169,2675
1169,2676
1170,2677
1170,2678
1170,2679
1171,2680
1171,2681
1172,2682
1172,2683
1172,2684
1173,2685
1173,2686
1173,2687
1174,2688
1174,2689
1175,2690
1175,2691
1176,2692
1177,2693
1177,2694
1178,2695
1178,2696
1178,2697
1179,2698
1179,2699
1179,2700
1180,2701
1180,2702
1180,2703
1182,2704
1183,2705
1183,2706
1183,2707
1184,2708
1184,2709
1185,2710
1185,2711
1185,2712
1186,2713
1186,2714
1187,2715
1187,2716
1187,2717
1188,2718
1188,2719
1188,2720
1189,2721
1189,2722
1190,2723
1190,2724
1191,2725
1191,2726
1191,2727
1196,2728
1196,2729
1197,2730
1197,2731
1197,2732
1198,2733
1198,2734
1198,2735
1199,2736
1199,2737
1199,2738
1200,2739
1200,2740
1201,2741
1201,2742
1202,2743
1202,2744
1202,2745
1203,2746
1203,2747
1203,2748
1204,2749
1204,2750
1204,2751
1205,2752
1205,2753
1205,2754
1206,2755
1207,2756
1207,2757
1208,2758
1208,2759
1209,2760
1209,2761
1209,2762
1210,2763
1210,2764
1210,2765
1211,2766
1211,2767
1212,2768
1212,2769
1212,2770
1213,2771
1213,2772
1213,2773
1214,2774
1214,2775
1215,2776
1216,2777
1216,2778
1217,2779
1218,2780
1218,2781
1219,2782
1219,2783
1220,2784
1220,2785
1220,2786
1221,2787
1221,2788
1222,2789
1222,2790
1223,2791
1223,2792
1223,2793
1224,2794
1224,2795
1225,2796
1225,2797
1226,2798
1226,2799
1227,2800
1227,2801
1228,2802
1228,2803
1229,2804
1229,2805
1229,2806
1230,2807
1230,2808
1231,2809
1231,2810
1232,2811
1232,2812
1233,2813
1233,2814
1233,2815
1234,2816
1234,2817
1234,2818
1235,2819
1235,2820
1236,2821
1236,2822
1237,2823
1237,2824
1238,2825
1238,2826
1238,2827
1239,2828
1239,2829
1239,2830
1240,2831
1240,2832
1240,2833
1241,2834
1241,2835
1242,2836
1242,2837
1242,2838
1243,2839
1243,2840
1243,2841
1244,2842
1244,2843
1244,2844
1245,2845
1245,2846
1245,2847
1246,2848
1246,2849
1246,2850
1247,2851
1247,2852
1247,2853
1248,2854
1248,2855
1248,2856
1250,2857
1250,2858
1250,2859
1251,2860
1251,2861
1251,2862
1252,2863
1252,2864
1253,2865
1253,2866
1253,2867
1254,2868
1254,2869
1255,2870
1255,2871
1256,2872
1257,2873
1257,2874
1258,2875
1258,2876
1258,2877
1259,2878
1259,2879
1260,2880
1260,2881
1260,2882
1261,2883
1261,2884
1261,2885
1262,2886
1262,2887
1263,2888
1263,2889
1263,2890
1264,2891
1264,2892
1265,2893
1265,2894
1265,2895
1266,2896
1266,2897
1266,2898
1267,2899
1267,2900
1268,2901
1268,2902
1268,2903
1269,2904
1269,2905
1269,2906
1270,2907
1270,2908
1270,2909
1271,2910
1271,2911
1272,2912
1272,2913
1273,2914
1273,2915
1274,2916
1274,2917
1275,2918
1275,2919
1275,2920
1276,2921
1276,2922
1277,2923
1277,2924
1277,2925
1278,2926
1278,2927
1278,2928
1279,2929
1279,2930
1279,2931
1280,2932
1280,2933
1281,2934
1283,2935
1283,2936
1284,2937
1285,2938
1285,2939
1285,2940
1286,2941
1287,2942
1287,2943
1288,2944
1288,2945
1288,2946
1289,2947
1289,2948
1290,2949
1290,2950
1290,2951
1291,2952
1291,2953
1292,2954
1292,2955
1293,2956
1293,2957
1293,2958
1294,2959
1294,2960
1294,2961
1295,2962
1295,2963
1295,2964
1296,2965
1296,2966
1297,2967
1297,2968
1297,2969
1298,2970
1298,2971
1298,2972
1299,2973
1300,2974
1300,2975
1300,2976
1302,2977
1302,2978
1303,2979
1303,2980
1304,2981
1304,2982
1304,2983
1305,2984
1305,2985
1305,2986
1306,2987
1306,2988
1307,2989
1307,2990
1307,2991
1308,2992
1308,2993
1308,2994
1309,2995
1309,2996
1310,2997
1310,2998
1311,2999
1311,3000
1311,3001
1312,3002
1312,3003
1313,3004
1313,3005
1314,3006
1314,3007
1314,3008
1315,3009
1315,3010
1316,3011
1316,3012
1316,3013
1317,3014
1317,3015
1317,3016
1318,3017
1318,3018
1319,3019
1319,3020
1320,3021
1320,3022
1321,3023
1321,3024
1321,3025
1322,3026
1322,3027
1323,3028
1323,3029
1323,3030
1324,3031
1324,3032
1324,3033
1325,3034
1325,3035
1327,3036
1328,3037
1328,3038
1329,3039
1329,3040
1329,3041
1330,3042
1330,3043
1331,3044
1331,3045
1331,3046
1332,3047
1332,3048
1333,3049
1333,3050
1334,3051
1334,3052
1334,3053
1335,3054
1335,3055
1336,3056
1336,3057
1337,3058
1337,3059
1338,3060
1338,3061
1339,3062
1339,3063
1339,3064
1340,3065
1341,3066
1341,3067
1342,3068
1342,3069
1342,3070
1343,3071
1343,3072
1344,3073
1344,3074
1344,3075
1345,3076
1345,3077
1345,3078
1346,3079
1346,3080
1347,3081
1347,3082
1347,3083
1348,3084
1348,3085
1349,3086
1349,3087
1350,3088
1350,3089
1350,3090
1351,3091
1351,3092
1351,3093
1352,3094
1352,3095
1353,3096
1353,3097
1353,3098
1354,3099
1354,3100
1355,3101
1355,3102
1355,3103
1356,3104
1356,3105
1356,3106
1357,3107
1357,3108
1357,3109
1358,3110
1358,3111
1359,3112
1359,3113
1359,3114
1360,3115
1360,3116
1360,3117
1361,3118
1361,3119
1361,3120
1362,3121
1362,3122
1362,3123
1362,3124
1363,3125
1363,3126
1364,3127
1364,3128
1364,3129
1365,3130
1365,3131
1365,3132
1366,3133
1366,3134
1366,3135
1367,3136
1367,3137
1367,3138
1369,3139
1369,3140
1370,3141
1370,3142
1370,3143
1371,3144
1371,3145
1371,3146
1372,3147
1372,3148
1372,3149
1373,3150
1373,3151
1373,3152
1374,3153
1374,3154
1375,3155
1375,3156
1375,3157
1376,3158
1376,3159
1378,3160
1378,3161
1378,3162
1379,3163
1379,3164
1379,3165
1380,3166
1380,3167
1381,3168
1381,3169
1382,3170
1382,3171
1382,3172
1383,3173
1383,3174
1383,3175
1384,3176
1384,3177
1384,3178
1385,3179
1385,3180
1386,3181
1386,3182
1386,3183
1387,3184
1387,3185
1388,3186
1388,3187
1389,3188
1389,3189
1389,3190
1390,3191
1390,3192
1390,3193
1391,3194
1391,3195
1392,3196
1392,3197
1392,3198
1393,3199
1393,3200
1393,3201
1394,3202
1394,3203
1394,3204
1395,3205
1395,3206
1396,3207
1396,3208
1396,3209
1397,3210
1397,3211
1398,3212
1398,3213
1398,3214
1400,3215
1400,3216
1401,3217
1401,3218
1401,3219
1402,3220
1402,3221
1402,3222
1403,3223
1403,3224
1404,3225
1404,3226
1406,3227
1406,3228
1406,3229
1407,3230
1407,3231
1407,3232
1409,3233
1409,3234
1409,3235
1410,3236
1410,3237
1411,3238
1411,3239
1412,3240
1412,3241
1413,3242
1413,3243
1413,3244
1414,3245
1414,3246
1414,3247
1415,3248
1415,3249
1417,3250
1417,3251
1418,3252
1418,3253
1418,3254
1419,3255
1419,3256
1420,3257
1420,3258
1421,3259
1421,3260
1421,3261
1422,3262
1422,3263
1423,3264
1423,3265
1424,3266
1424,3267
1425,3268
1425,3269
1425,3270
1426,3271
1426,3272
1427,3273
1427,3274
1428,3275
1428,3276
1428,3277
1429,3278
1429,3279
1429,3280
1430,3281
1430,3282
1430,3283
1431,3284
1431,3285
1432,3286
1432,3287
1432,3288
1433,3289
1433,3290
1434,3291
1434,3292
1435,3293
1435,3294
1436,3295
1436,3296
1436,3297
1437,3298
1438,3299
1438,3300
1439,3301
1439,3302
1440,3303
1440,3304
1440,3305
1441,3306
1441,3307
1441,3308
1442,3309
1442,3310
1443,3311
1443,3312
1444,3313
1444,3314
1444,3315
1445,3316
1445,3317
1446,3318
1446,3319
1446,3320
1447,3321
1447,3322
1448,3323
1448,3324
1449,3325
1449,3326
1449,3327
1450,3328
1450,3329
1451,3330
1451,3331
1452,3332
1452,3333
1452,3334
1453,3335
1453,3336
1453,3337
1454,3338
1455,3339
1455,3340
1456,3341
1456,3342
1457,3343
1458,3344
1458,3345
1459,3346
1459,3347
1460,3348
1460,3349
1460,3350
1461,3351
1461,3352
1462,3353
1462,3354
1462,3355
1463,3356
1463,3357
1464,3358
1464,3359
1464,3360
1465,3361
1465,3362
1466,3363
1466,3364
1468,3365
1468,3366
1469,3367
1469,3368
1469,3369
1471,3370
1471,3371
1472,3372
1472,3373
1473,3374
1473,3375
1473,3376
1474,3377
1474,3378
1475,3379
1475,3380
1475,3381
1476,3382
1476,3383
1477,3384
1477,3385
1478,3386
1478,3387
1478,3388
1479,3389
1479,3390
1479,3391
1480,3392
1480,3393
1481,3394
1481,3395
1481,3396
1482,3397
1482,3398
1483,3399
1483,3400
1484,3401
1484,3402
1485,3403
1485,3404
1485,3405
1486,3406
1486,3407
1487,3408
1487,3409
1488,3410
1489,3411
1489,3412
1490,3413
1491,3414
1491,3415
1491,3416
1492,3417
1492,3418
1492,3419
1493,3420
1493,3421
1495,3422
1495,3423
1495,3424
1496,3425
1496,3426
1497,3427
1498,3428
1498,3429
1498,3430
1499,3431
1499,3432
1500,3433
1500,3434
1504,3435
1504,3436
1504,3437
1505,3438
1505,3439
1506,3440
1506,3441
1508,3442
1508,3443
1509,3444
1509,3445
1510,3446
1510,3447
1511,3448
1511,3449
1512,3450
1512,3451
1512,3452
1513,3453
1513,3454
1513,3455
1515,3456
1515,3457
1516,3458
1516,3459
1517,3460
1517,3461
1518,3462
1518,3463
1519,3464
1519,3465
1519,3466
1520,3467
1521,3468
1521,3469
1521,3470
1522,3471
1522,3472
1523,3473
1523,3474
1523,3475
1524,3476
1524,3477
1524,3478
1525,3479
1525,3480
1525,3481
1527,3482
1527,3483
1527,3484
1527,3485
1528,3486
1528,3487
1529,3488
1529,3489
1529,3490
1530,3491
1530,3492
1530,3493
1531,3494
1531,3495
1531,3496
1532,3497
1532,3498
1532,3499
1533,3500
1533,3501
1534,3502
1534,3503
1535,3504
1536,3505
1536,3506
1536,3507
1537,3508
1537,3509
1538,3510
1538,3511
1538,3512
1539,3513
1539,3514
1539,3515
1540,3516
1540,3517
1541,3518
1541,3519
1542,3520
1542,3521
1542,3522
1543,3523
1543,3524
1543,3525
1544,3526
1544,3527
1545,3528
1545,3529
1545,3530
1546,3531
1546,3532
1546,3533
1547,3534
1547,3535
1548,3536
1548,3537
1549,3538
1549,3539
1550,3540
1550,3541
1550,3542
1551,3543
1551,3544
1552,3545
1552,3546
1554,3547
1554,3548
1554,3549
1555,3550
1555,3551
1555,3552
1556,3553
1556,3554
1557,3555
1557,3556
1558,3557
1558,3558
1558,3559
1559,3560
1559,3561
1559,3562
1560,3563
1560,3564
1562,3565
1562,3566
1564,3567
1564,3568
1564,3569
1565,3570
1565,3571
1566,3572
1566,3573
1567,3574
1567,3575
1567,3576
1568,3577
1568,3578
1569,3579
1569,3580
1569,3581
1570,3582
1570,3583
1571,3584
1572,3585
1572,3586
1572,3587
1573,3588
1573,3589
1573,3590
1574,3591
1574,3592
1574,3593
1575,3594
1575,3595
1576,3596
1576,3597
1576,3598
1577,3599
1577,3600
1578,3601
1578,3602
1578,3603
1579,3604
1579,3605
1580,3606
1580,3607
1581,3608
1581,3609
1581,3610
1582,3611
1582,3612
1582,3613
1583,3614
1583,3615
1584,3616
1585,3617
1585,3618
1585,3619
1586,3620
1586,3621
1586,3622
1587,3623
1587,3624
1588,3625
1588,3626
1588,3627
1589,3628
1589,3629
1590,3630
1590,3631
1590,3632
1591,3633
1591,3634
1591,3635
1592,3636
1592,3637
1593,3638
1593,3639
1594,3640
1594,3641
1595,3642
1595,3643
1596,3644
1596,3645
1596,3646
1597,3647
1597,3648
1597,3649
1598,3650
1598,3651
1599,3652
1599,3653
1599,3654
1600,3655
1600,3656
1601,3657
1602,3658
1602,3659
1602,3660
1603,3661
1603,3662
1603,3663
1604,3664
1604,3665
1605,3666
1605,3667
1605,3668
1606,3669
1606,3670
1607,3671
1607,3672
1608,3673
1608,3674
1608,3675
1609,3676
1609,3677
1610,3678
1610,3679
1611,3680
1611,3681
1611,3682
1612,3683
1612,3684
1612,3685
1613,3686
1613,3687
1614,3688
1614,3689
1614,3690
1615,3691
1615,3692
1615,3693
1616,3694
1616,3695
1617,3696
1617,3697
1618,3698
1618,3699
1619,3700
1619,3701
1620,3702
1621,3703
1621,3704
1621,3705
1622,3706
1623,3707
1623,3708
1623,3709
1624,3710
1624,3711
1624,3712
1625,3713
1625,3714
1626,3715
1626,3716
1627,3717
1627,3718
1628,3719
1628,3720
1628,3721
1629,3722
1629,3723
1629,3724
1630,3725
1630,3726
1631,3727
1631,3728
1632,3729
1632,3730
1632,3731
1633,3732
1633,3733
1634,3734
1634,3735
1634,3736
1635,3737
1635,3738
1635,3739
1636,3740
1636,3741
1636,3742
1637,3743
1637,3744
1638,3745
1638,3746
1638,3747
1639,3748
1639,3749
1639,3750
1640,3751
1640,3752
1640,3753
1641,3754
1641,3755
1641,3756
1641,3757
1642,3758
1642,3759
1642,3760
1643,3761
1643,3762
1644,3763
1644,3764
1645,3765
1645,3766
1646,3767
1646,3768
1646,3769
1647,3770
1647,3771
1647,3772
1648,3773
1648,3774
1648,3775
1649,3776
1650,3777
1651,3778
1651,3779
1651,3780
1652,3781
1652,3782
1653,3783
1653,3784
1654,3785
1654,3786
1655,3787
1655,3788
1655,3789
1656,3790
1656,3791
1657,3792
1657,3793
1657,3794
1658,3795
1658,3796
1658,3797
1659,3798
1660,3799
1660,3800
1661,3801
1661,3802
1661,3803
1662,3804
1663,3805
1663,3806
1664,3807
1664,3808
1665,3809
1665,3810
1665,3811
1665,3812
1666,3813
1666,3814
1668,3815
1668,3816
1668,3817
1669,3818
1669,3819
1669,3820
1670,3821
1670,3822
1671,3823
1671,3824
1671,3825
1672,3826
1672,3827
1674,3828
1675,3829
1675,3830
1675,3831
1676,3832
1676,3833
1676,3834
1677,3835
1677,3836
1677,3837
1678,3838
1678,3839
1678,3840
1679,3841
1679,3842
1679,3843
1680,3844
1680,3845
1680,3846
1681,3847
1681,3848
1682,3849
1682,3850
1682,3851
1684,3852
1684,3853
1685,3854
1685,3855
1686,3856
1686,3857
1686,3858
1687,3859
1687,3860
1688,3861
1689,3862
1689,3863
1689,3864
1690,3865
1690,3866
1690,3867
1691,3868
1691,3869
1692,3870
1692,3871
1692,3872
1693,3873
1693,3874
1694,3875
1694,3876
1694,3877
1695,3878
1695,3879
1695,3880
1695,3881
1696,3882
1696,3883
1697,3884
1697,3885
1698,3886
1698,3887
1699,3888
1699,3889
1700,3890
1700,3891
1701,3892
1701,3893
1701,3894
1702,3895
1702,3896
1702,3897
1703,3898
1703,3899
1704,3900
1704,3901
1704,3902
1705,3903
1705,3904
1705,3905
1706,3906
1706,3907
1706,3908
1707,3909
1707,3910
1708,3911
1708,3912
1708,3913
1709,3914
1709,3915
1710,3916
1710,3917
1711,3918
1711,3919
1711,3920
1712,3921
1712,3922
1712,3923
1713,3924
1713,3925
1714,3926
1714,3927
1714,3928
1715,3929
1715,3930
1715,3931
1716,3932
1716,3933
1716,3934
1717,3935
1717,3936
1718,3937
1718,3938
1719,3939
1719,3940
1719,3941
1720,3942
1720,3943
1722,3944
1722,3945
1722,3946
1723,3947
1723,3948
1723,3949
1725,3950
1725,3951
1725,3952
1726,3953
1726,3954
1726,3955
1727,3956
1727,3957
1728,3958
1728,3959
1728,3960
1729,3961
1729,3962
1730,3963
1730,3964
1730,3965
1731,3966
1731,3967
1732,3968
1732,3969
1733,3970
1733,3971
1733,3972
1734,3973
1734,3974
1735,3975
1735,3976
1735,3977
1736,3978
1737,3979
1737,3980
1737,3981
1738,3982
1738,3983
1738,3984
1739,3985
1740,3986
1740,3987
1741,3988
1741,3989
1741,3990
1742,3991
1742,3992
1743,3993
1743,3994
1743,3995
1744,3996
1744,3997
1745,3998
1745,3999
1745,4000
1746,4001
1746,4002
1746,4003
1747,4004
1747,4005
1748,4006
1748,4007
1748,4008
1749,4009
1749,4010
1750,4011
1750,4012
1750,4013
1751,4014
1751,4015
1752,4016
1752,4017
1753,4018
1753,4019
1753,4020
1754,4021
1756,4022
1756,4023
1757,4024
1757,4025
1758,4026
1758,4027
1759,4028
1759,4029
1760,4030
1760,4031
1760,4032
1761,4033
1761,4034
1761,4035
1762,4036
1762,4037
1763,4038
1763,4039
1763,4040
1764,4041
1765,4042
1765,4043
1765,4044
1766,4045
1766,4046
1767,4047
1767,4048
1767,4049
1768,4050
1768,4051
1769,4052
1769,4053
1770,4054
1770,4055
1770,4056
1771,4057
1771,4058
1771,4059
1772,4060
1772,4061
1772,4062
1773,4063
1773,4064
1773,4065
1774,4066
1774,4067
1774,4068
1775,4069
1775,4070
1776,4071
1776,4072
1776,4073
1777,4074
1777,4075
1778,4076
1778,4077
1778,4078
1779,4079
1780,4080
1780,4081
1781,4082
1781,4083
1782,4084
1782,4085
1783,4086
1783,4087
1783,4088
1783,4089
1784,4090
1784,4091
1785,4092
1785,4093
1785,4094
1786,4095
1786,4096
1786,4097
1787,4098
1787,4099
1787,4100
1788,4101
1788,4102
1789,4103
1789,4104
1789,4105
1790,4106
1790,4107
1790,4108
1791,4109
1791,4110
1791,4111
1792,4112
1792,4113
1793,4114
1793,4115
1794,4116
1794,4117
1794,4118
1795,4119
1795,4120
1795,4121
1796,4122
1796,4123
1797,4124
1797,4125
1798,4126
1799,4127
1799,4128
1799,4129
1800,4130
1801,4131
1802,4132
1802,4133
1802,4134
1803,4135
1803,4136
1804,4137
1804,4138
1804,4139
1805,4140
1805,4141
1805,4142
1806,4143
1806,4144
1806,4145
1807,4146
1807,4147
1808,4148
1808,4149
1810,4150
1810,4151
1810,4152
1811,4153
1811,4154
1812,4155
1812,4156
1812,4157
1813,4158
1813,4159
1813,4160
1814,4161
1814,4162
1815,4163
1815,4164
1816,4165
1816,4166
1816,4167
1817,4168
1817,4169
1817,4170
1818,4171
1818,4172
1819,4173
1819,4174
1819,4175
1820,4176
1820,4177
1821,4178
1821,4179
1822,4180
1823,4181
1823,4182
1824,4183
1824,4184
1824,4185
1825,4186
1825,4187
1825,4188
1826,4189
1826,4190
1826,4191
1827,4192
1827,4193
1827,4194
1828,4195
1828,4196
1828,4197
1829,4198
1829,4199
1830,4200
1830,4201
1830,4202
1832,4203
1832,4204
1832,4205
1833,4206
1833,4207
1834,4208
1835,4209
1835,4210
1835,4211
1836,4212
1836,4213
1837,4214
1837,4215
1838,4216
1838,4217
1840,4218
1840,4219
1840,4220
1841,4221
1841,4222
1843,4223
1844,4224
1844,4225
1844,4226
1845,4227
1846,4228
1846,4229
1847,4230
1847,4231
1848,4232
1848,4233
1849,4234
1849,4235
1850,4236
1850,4237
1850,4238
1851,4239
1851,4240
1852,4241
1852,4242
1852,4243
1853,4244
1853,4245
1854,4246
1854,4247
1855,4248
1855,4249
1855,4250
1856,4251
1856,4252
1856,4253
1857,4254
1857,4255
1857,4256
1858,4257
1858,4258
1858,4259
1858,4260
1859,4261
1859,4262
1859,4263
1860,4264
1860,4265
1861,4266
1861,4267
1862,4268
1862,4269
1863,4270
1863,4271
1863,4272
1864,4273
1864,4274
1865,4275
1865,4276
1866,4277
1866,4278
1867,4279
1868,4280
1868,4281
1869,4282
1869,4283
1869,4284
1870,4285
1870,4286
1871,4287
1871,4288
1871,4289
1872,4290
1872,4291
1872,4292
1873,4293
1873,4294
1874,4295
1874,4296
1875,4297
1875,4298
1875,4299
1876,4300
1876,4301
1876,4302
1877,4303
1877,4304
1877,4305
1878,4306
1878,4307
1878,4308
1879,4309
1879,4310
1879,4311
1880,4312
1880,4313
1881,4314
1881,4315
1881,4316
1882,4317
1882,4318
1882,4319
1883,4320
1883,4321
1884,4322
1884,4323
1885,4324
1885,4325
1885,4326
1886,4327
1886,4328
1886,4329
1887,4330
1887,4331
1888,4332
1888,4333
1888,4334
1889,4335
1889,4336
1890,4337
1890,4338
1890,4339
1891,4340
1891,4341
1891,4342
1891,4343
1892,4344
1892,4345
1893,4346
1893,4347
1894,4348
1894,4349
1894,4350
1895,4351
1895,4352
1896,4353
1896,4354
1896,4355
1897,4356
1898,4357
1898,4358
1898,4359
1899,4360
1899,4361
1901,4362
1901,4363
1902,4364
1902,4365
1904,4366
1904,4367
1906,4368
1906,4369
1906,4370
1907,4371
1907,4372
1907,4373
1908,4374
1908,4375
1910,4376
1910,4377
1911,4378
1911,4379
1911,4380
1912,4381
1912,4382
1912,4383
1913,4384
1913,4385
1914,4386
1914,4387
1914,4388
1915,4389
1916,4390
1916,4391
1917,4392
1917,4393
1917,4394
1918,4395
1918,4396
1918,4397
1919,4398
1919,4399
1919,4400
1920,4401
1920,4402
1920,4403
1921,4404
1921,4405
1921,4406
1922,4407
1922,4408
1923,4409
1923,4410
1924,4411
1924,4412
1924,4413
1925,4414
1925,4415
1925,4416
1926,4417
1926,4418
1926,4419
1927,4420
1928,4421
1928,4422
1929,4423
1929,4424
1930,4425
1930,4426
1930,4427
1931,4428
1931,4429
1931,4430
1932,4431
1932,4432
1933,4433
1933,4434
1933,4435
1933,4436
1934,4437
1934,4438
1934,4439
1935,4440
1935,4441
1935,4442
1936,4443
1936,4444
1937,4445
1937,4446
1938,4447
1938,4448
1939,4449
1939,4450
1939,4451
1940,4452
1940,4453
1941,4454
1941,4455
1942,4456
1942,4457
1942,4458
1943,4459
1943,4460
1944,4461
1944,4462
1945,4463
1945,4464
1945,4465
1946,4466
1946,4467
1946,4468
1947,4469
1947,4470
1947,4471
1948,4472
1948,4473
1948,4474
1949,4475
1949,4476
1950,4477
1950,4478
1951,4479
1951,4480
1951,4481
1952,4482
1952,4483
1953,4484
1953,4485
1954,4486
1955,4487
1955,4488
1956,4489
1956,4490
1957,4491
1957,4492
1957,4493
1958,4494
1958,4495
1959,4496
1959,4497
1959,4498
1961,4499
1961,4500
1961,4501
1962,4502
1962,4503
1964,4504
1964,4505
1965,4506
1965,4507
1966,4508
1966,4509
1966,4510
1967,4511
1967,4512
1968,4513
1968,4514
1969,4515
1969,4516
1970,4517
1970,4518
1971,4519
1971,4520
1971,4521
1972,4522
1972,4523
1972,4524
1973,4525
1973,4526
1974,4527
1974,4528
1974,4529
1975,4530
1975,4531
1976,4532
1976,4533
1977,4534
1978,4535
1978,4536
1978,4537
1979,4538
1979,4539
1979,4540
1980,4541
1980,4542
1981,4543
1981,4544
1981,4545
1982,4546
1982,4547
1983,4548
1983,4549
1983,4550
1985,4551
1985,4552
1986,4553
1986,4554
1986,4555
1987,4556
1987,4557
1988,4558
1988,4559
1988,4560
1989,4561
1989,4562
1990,4563
1990,4564
1990,4565
1991,4566
1991,4567
1991,4568
1992,4569
1994,4570
1994,4571
1995,4572
1995,4573
1995,4574
1996,4575
1996,4576
1996,4577
1998,4578
1998,4579
1999,4580
1999,4581
1999,4582
2000,4583
2000,4584
2000,4585
2001,4586
2001,4587
2002,4588
2002,4589
2002,4590
2003,4591
2003,4592
2004,4593
2004,4594
2005,4595
2005,4596
2005,4597
2006,4598
2006,4599
2007,4600
2007,4601
2007,4602
2008,4603
2008,4604
2008,4605
2008,4606
2009,4607
2009,4608
2009,4609
2010,4610
2010,4611
2010,4612
2011,4613
2011,4614
2011,4615
2012,4616
2012,4617
2013,4618
2013,4619
2013,4620
2014,4621
2014,4622
2014,4623
2015,4624
2015,4625
2015,4626
2016,4627
2016,4628
2017,4629
2017,4630
2017,4631
2019,4632
2019,4633
2020,4634
2020,4635
2020,4636
2022,4637
2022,4638
2023,4639
2023,4640
2024,4641
2024,4642
2024,4643
2025,4644
2026,4645
2026,4646
2027,4647
2027,4648
2028,4649
2028,4650
2028,4651
2029,4652
2029,4653
2029,4654
2030,4655
2030,4656
2030,4657
2031,4658
2031,4659
2032,4660
2032,4661
2032,4662
2033,4663
2033,4664
2033,4665
2034,4666
2034,4667
2035,4668
2035,4669
2035,4670
2036,4671
2036,4672
2037,4673
2037,4674
2037,4675
2038,4676
2038,4677
2038,4678
2039,4679
2039,4680
2040,4681
2040,4682
2040,4683
2041,4684
2041,4685
2041,4686
2042,4687
2042,4688
2043,4689
2043,4690
2043,4691
2044,4692
2044,4693
2044,4694
2045,4695
2045,4696
2045,4697
2046,4698
2046,4699
2046,4700
2046,4701
2047,4702
2047,4703
2048,4704
2048,4705
2049,4706
2049,4707
2050,4708
2051,4709
2051,4710
2051,4711
2052,4712
2052,4713
2052,4714
2053,4715
2053,4716
2054,4717
2054,4718
2055,4719
2055,4720
2056,4721
2056,4722
2056,4723
2058,4724
2058,4725
2059,4726
2059,4727
2059,4728
2060,4729
2060,4730
2061,4731
2061,4732
2062,4733
2062,4734
2062,4735
2063,4736
2063,4737
2063,4738
2064,4739
2064,4740
2064,4741
2065,4742
2065,4743
2065,4744
2066,4745
2066,4746
2067,4747
2067,4748
2067,4749
2068,4750
2068,4751
2069,4752
2069,4753
2069,4754
2070,4755
2070,4756
2071,4757
2072,4758
2072,4759
2072,4760
2073,4761
2074,4762
2075,4763
2075,4764
2076,4765
2076,4766
2077,4767
2078,4768
2078,4769
2079,4770
2079,4771
2080,4772
2080,4773
2084,4774
2084,4775
2085,4776
2085,4777
2086,4778
2086,4779
2087,4780
2087,4781
2087,4782
2088,4783
2088,4784
2089,4785
2089,4786
2089,4787
2090,4788
2090,4789
2091,4790
2091,4791
2091,4792
2093,4793
2093,4794
2094,4795
2094,4796
2094,4797
2095,4798
2095,4799
2095,4800
2096,4801
2096,4802
2096,4803
2097,4804
2097,4805
2098,4806
2098,4807
2099,4808
2099,4809
2100,4810
2100,4811
2100,4812
2101,4813
2101,4814
2101,4815
2101,4816
2102,4817
2102,4818
2103,4819
2103,4820
2103,4821
2104,4822
2104,4823
2104,4824
2105,4825
2105,4826
2105,4827
2106,4828
2106,4829
2107,4830
2107,4831
2108,4832
2108,4833
2109,4834
2109,4835
2109,4836
2110,4837
2110,4838
2110,4839
2111,4840
2111,4841
2112,4842
2112,4843
2113,4844
2113,4845
2114,4846
2114,4847
2115,4848
2115,4849
2115,4850
2116,4851
2116,4852
2116,4853
2117,4854
2117,4855
2118,4856
2119,4857
2119,4858
2119,4859
2120,4860
2120,4861
2120,4862
2121,4863
2121,4864
2122,4865
2122,4866
2123,4867
2123,4868
2123,4869
2124,4870
2124,4871
2125,4872
2125,4873
2126,4874
2126,4875
2126,4876
2127,4877
2127,4878
2128,4879
2128,4880
2128,4881
2129,4882
2129,4883
2129,4884
2130,4885
2130,4886
2131,4887
2132,4888
2132,4889
2132,4890
2133,4891
2134,4892
2134,4893
2135,4894
2135,4895
2135,4896
2136,4897
2136,4898
2136,4899
2137,4900
2137,4901
2137,4902
2138,4903
2138,4904
2138,4905
2139,4906
2139,4907
2140,4908
2140,4909
2140,4910
2141,4911
2141,4912
2142,4913
2142,4914
2142,4915
2143,4916
2144,4917
2144,4918
2145,4919
2146,4920
2146,4921
2147,4922
2147,4923
2147,4924
2148,4925
2148,4926
2148,4927
2149,4928
2149,4929
2149,4930
2150,4931
2150,4932
2150,4933
2151,4934
2151,4935
2152,4936
2152,4937
2152,4938
2153,4939
2153,4940
2153,4941
2155,4942
2155,4943
2155,4944
2155,4945
2156,4946
2156,4947
2157,4948
2157,4949
2158,4950
2158,4951
2158,4952
2159,4953
2159,4954
2160,4955
2160,4956
2160,4957
2161,4958
2161,4959
2161,4960
2162,4961
2162,4962
2162,4963
2163,4964
2163,4965
2163,4966
2164,4967
2164,4968
2164,4969
2165,4970
2165,4971
2166,4972
2166,4973
2166,4974
2167,4975
2167,4976
2167,4977
2168,4978
2168,4979
2168,4980
2169,4981
2169,4982
2170,4983
2170,4984
2170,4985
2171,4986
2171,4987
2171,4988
2172,4989
2172,4990
2173,4991
2173,4992
2173,4993
2174,4994
2174,4995
2174,4996
2175,4997
2175,4998
2176,4999
2176,5000
2176,5001
2176,5002
2177,5003
2177,5004
2178,5005
2178,5006
2179,5007
2179,5008
2179,5009
2180,5010
2180,5011
2180,5012
2181,5013
2181,5014
2181,5015
2182,5016
2182,5017
2182,5018
2182,5019
2183,5020
2183,5021
2184,5022
2184,5023
2185,5024
2185,5025
2185,5026
2186,5027
2186,5028
2186,5029
2187,5030
2188,5031
2188,5032
2189,5033
2189,5034
2189,5035
2190,5036
2190,5037
2191,5038
2191,5039
2191,5040
2192,5041
2192,5042
2193,5043
2193,5044
2193,5045
2194,5046
2194,5047
2194,5048
2195,5049
2195,5050
2195,5051
2197,5052
2197,5053
2197,5054
2198,5055
2198,5056
2198,5057
2199,5058
2199,5059
2199,5060
2200,5061
2200,5062
2201,5063
2201,5064
2202,5065
2202,5066
2203,5067
2203,5068
2203,5069
2204,5070
2204,5071
2205,5072
2205,5073
2205,5074
2206,5075
2206,5076
2207,5077
2207,5078
2208,5079
2208,5080
2208,5081
2209,5082
2209,5083
2210,5084
2210,5085
2211,5086
2211,5087
2211,5088
2212,5089
2212,5090
2212,5091
2212,5092
2213,5093
2213,5094
2213,5095
2214,5096
2214,5097
2214,5098
2215,5099
2215,5100
2215,5101
2216,5102
2216,5103
2216,5104
2217,5105
2219,5106
2219,5107
2220,5108
2221,5109
2221,5110
2222,5111
2222,5112
2222,5113
2223,5114
2223,5115
2223,5116
2224,5117
2224,5118
2224,5119
2225,5120
2225,5121
2225,5122
2226,5123
2226,5124
2227,5125
2227,5126
2227,5127
2228,5128
2228,5129
2229,5130
2229,5131
2229,5132
2230,5133
2230,5134
2231,5135
2231,5136
2232,5137
2232,5138
2232,5139
2233,5140
2233,5141
2235,5142
2235,5143
2236,5144
2236,5145
2236,5146
2237,5147
2237,5148
2238,5149
2239,5150
2239,5151
2240,5152
2240,5153
2240,5154
2242,5155
2242,5156
2242,5157
2243,5158
2243,5159
2243,5160
2244,5161
2244,5162
2245,5163
2245,5164
2245,5165
2246,5166
2246,5167
2248,5168
2248,5169
2248,5170
2249,5171
2249,5172
2249,5173
2250,5174
2250,5175
2251,5176
2251,5177
2251,5178
2252,5179
2252,5180
2252,5181
2253,5182
2253,5183
2254,5184
2254,5185
2254,5186
2255,5187
2255,5188
2256,5189
2258,5190
2258,5191
2259,5192
2259,5193
2260,5194
2261,5195
2261,5196
2262,5197
2262,5198
2264,5199
2264,5200
2265,5201
2265,5202
2266,5203
2266,5204
2267,5205
2267,5206
2268,5207
2268,5208
2269,5209
2270,5210
2270,5211
2271,5212
2271,5213
2272,5214
2272,5215
2272,5216
2273,5217
2273,5218
2273,5219
2274,5220
2275,5221
2275,5222
2275,5223
2276,5224
2276,5225
2277,5226
2277,5227
2278,5228
2278,5229
2278,5230
2279,5231
2279,5232
2280,5233
2280,5234
2281,5235
2281,5236
2281,5237
2282,5238
2282,5239
2283,5240
2283,5241
2283,5242
2285,5243
2285,5244
2286,5245
2286,5246
2286,5247
2287,5248
2288,5249
2288,5250
2288,5251
2289,5252
2289,5253
2290,5254
2290,5255
2290,5256
2291,5257
2291,5258
2292,5259
2292,5260
2292,5261
2293,5262
2293,5263
2294,5264
2294,5265
2294,5266
2295,5267
2296,5268
2296,5269
2297,5270
2297,5271
2297,5272
2298,5273
2299,5274
2299,5275
2303,5276
2303,5277
2304,5278
2304,5279
2304,5280
2305,5281
2305,5282
2305,5283
2306,5284
2306,5285
2307,5286
2307,5287
2307,5288
2308,5289
2308,5290
2308,5291
2309,5292
2309,5293
2310,5294
2310,5295
2310,5296
2311,5297
2311,5298
2312,5299
2312,5300
2314,5301
2315,5302
2315,5303
2315,5304
2316,5305
2316,5306
2317,5307
2317,5308
2318,5309
2318,5310
2318,5311
2319,5312
2319,5313
2320,5314
2320,5315
2320,5316
2320,5317
2321,5318
2321,5319
2322,5320
2323,5321
2323,5322
2324,5323
2324,5324
2324,5325
2325,5326
2325,5327
2326,5328
2327,5329
2327,5330
2327,5331
2328,5332
2328,5333
2328,5334
2329,5335
2329,5336
2329,5337
2330,5338
2330,5339
2331,5340
2331,5341
2331,5342
2332,5343
2332,5344
2332,5345
2334,5346
2334,5347
2336,5348
2336,5349
2336,5350
2337,5351
2339,5352
2339,5353
2340,5354
2340,5355
2341,5356
2342,5357
2342,5358
2343,5359
2343,5360
2343,5361
2344,5362
2345,5363
2345,5364
2346,5365
2346,5366
2346,5367
2347,5368
2347,5369
2348,5370
2348,5371
2349,5372
2349,5373
2350,5374
2350,5375
2351,5376
2351,5377
2351,5378
2352,5379
2352,5380
2352,5381
2353,5382
2353,5383
2353,5384
2354,5385
2354,5386
2354,5387
2355,5388
2355,5389
2356,5390
2356,5391
2357,5392
2357,5393
2357,5394
2358,5395
2358,5396
2359,5397
2359,5398
2360,5399
2360,5400
2360,5401
2361,5402
2361,5403
2362,5404
2362,5405
2362,5406
2363,5407
2364,5408
2364,5409
2365,5410
2365,5411
2365,5412
2366,5413
2366,5414
2366,5415
2367,5416
2367,5417
2368,5418
2368,5419
2368,5420
2369,5421
2369,5422
2370,5423
2370,5424
2370,5425
2371,5426
2371,5427
2371,5428
2372,5429
2372,5430
2372,5431
2373,5432
2374,5433
2374,5434
2375,5435
2375,5436
2376,5437
2376,5438
2376,5439
2377,5440
2377,5441
2377,5442
2378,5443
2378,5444
2379,5445
2379,5446
2380,5447
2380,5448
2381,5449
2381,5450
2382,5451
2382,5452
2382,5453
2383,5454
2383,5455
2384,5456
2384,5457
2384,5458
2385,5459
2385,5460
2386,5461
2386,5462
2386,5463
2387,5464
2387,5465
2387,5466
2389,5467
2389,5468
2389,5469
2390,5470
2390,5471
2390,5472
2391,5473
2391,5474
2392,5475
2392,5476
2392,5477
2393,5478
2393,5479
2393,5480
2394,5481
2394,5482
2395,5483
2395,5484
2395,5485
2396,5486
2396,5487
2397,5488
2397,5489
2398,5490
2398,5491
2399,5492
2399,5493
2399,5494
2400,5495
2400,5496
2400,5497
2401,5498
2401,5499
2401,5500
2402,5501
2402,5502
2403,5503
2403,5504
2404,5505
2404,5506
2404,5507
2405,5508
2405,5509
2406,5510
2406,5511
2406,5512
2407,5513
2407,5514
2408,5515
2408,5516
2409,5517
2409,5518
2409,5519
2410,5520
2410,5521
2410,5522
2411,5523
2411,5524
2412,5525
2412,5526
2412,5527
2413,5528
2414,5529
2414,5530
2415,5531
2415,5532
2416,5533
2416,5534
2416,5535
2417,5536
2417,5537
2418,5538
2418,5539
2418,5540
2419,5541
2419,5542
2420,5543
2420,5544
2420,5545
2421,5546
2422,5547
2422,5548
2423,5549
2423,5550
2424,5551
2425,5552
2425,5553
2426,5554
2426,5555
2426,5556
2427,5557
2427,5558
2427,5559
2428,5560
2428,5561
2428,5562
2429,5563
2429,5564
2430,5565
2430,5566
2430,5567
2431,5568
2431,5569
2431,5570
2432,5571
2433,5572
2433,5573
2433,5574
2434,5575
2434,5576
2435,5577
2435,5578
2435,5579
2436,5580
2436,5581
2437,5582
2437,5583
2437,5584
2438,5585
2438,5586
2439,5587
2439,5588
2439,5589
2440,5590
2440,5591
2440,5592
2441,5593
2441,5594
2442,5595
2443,5596
2443,5597
2444,5598
2444,5599
2444,5600
2445,5601
2445,5602
2446,5603
2446,5604
2446,5605
2448,5606
2448,5607
2448,5608
2449,5609
2449,5610
2449,5611
2450,5612
2450,5613
2451,5614
2451,5615
2452,5616
2452,5617
2453,5618
2454,5619
2454,5620
2455,5621
2455,5622
2456,5623
2456,5624
2456,5625
2457,5626
2457,5627
2457,5628
2459,5629
2459,5630
2460,5631
2460,5632
2460,5633
2462,5634
2462,5635
2463,5636
2463,5637
2464,5638
2464,5639
2465,5640
2465,5641
2466,5642
2466,5643
2466,5644
2467,5645
2467,5646
2467,5647
2468,5648
2468,5649
2469,5650
2469,5651
2470,5652
2470,5653
2470,5654
2471,5655
2471,5656
2472,5657
2472,5658
2472,5659
2473,5660
2473,5661
2474,5662
2474,5663
2475,5664
2475,5665
2477,5666
2477,5667
2477,5668
2478,5669
2479,5670
2479,5671
2480,5672
2480,5673
2481,5674
2481,5675
2481,5676
2482,5677
2482,5678
2483,5679
2483,5680
2483,5681
2484,5682
2484,5683
2484,5684
2485,5685
2485,5686
2486,5687
2486,5688
2486,5689
2488,5690
2488,5691
2489,5692
2489,5693
2489,5694
2490,5695
2490,5696
2491,5697
2491,5698
2492,5699
2492,5700
2492,5701
2493,5702
2493,5703
2494,5704
2494,5705
2495,5706
2495,5707
2496,5708
2496,5709
2496,5710
2497,5711
2497,5712
2497,5713
2498,5714
2498,5715
2499,5716
2499,5717
2500,5718
2500,5719
2501,5720
2501,5721
2501,5722
2503,5723
2503,5724
2503,5725
2504,5726
2504,5727
2505,5728
2506,5729
2506,5730
2507,5731
2507,5732
2507,5733
2508,5734
2508,5735
2508,5736
2509,5737
2509,5738
2509,5739
2510,5740
2510,5741
2511,5742
2511,5743
2511,5744
2512,5745
2512,5746
2512,5747
2513,5748
2513,5749
2513,5750
2514,5751
2514,5752
2515,5753
2515,5754
2515,5755
2516,5756
2516,5757
2517,5758
2517,5759
2517,5760
2518,5761
2518,5762
2519,5763
2519,5764
2520,5765
2520,5766
2520,5767
2522,5768
2522,5769
2522,5770
2523,5771
2523,5772
2525,5773
2525,5774
2526,5775
2526,5776
2527,5777
2527,5778
2528,5779
2528,5780
2528,5781
2529,5782
2529,5783
