event_id,risk_id
80,379
80,409
80,394
82,396
82,379
82,424
83,423
83,444
83,379
84,387
84,414
84,424
85,412
85,376
86,432
86,384
87,404
87,376
88,394
88,393
89,423
89,379
89,424
90,384
90,378
90,380
91,442
91,381
91,437
92,438
92,404
92,423
93,424
93,447
93,423
94,376
94,434
94,423
96,444
96,405
96,423
97,377
97,406
98,389
98,388
99,386
99,385
100,396
100,409
100,442
101,402
101,411
101,376
102,436
102,445
102,409
103,393
103,409
103,444
104,382
104,381
104,404
105,417
105,385
105,382
106,434
106,404
106,384
107,433
107,423
107,450
108,384
108,424
108,404
109,391
109,437
109,432
110,379
110,447
110,377
111,383
111,376
111,434
112,391
112,403
112,385
113,406
113,427
114,400
114,402
114,401
115,434
115,424
115,382
116,378
116,424
116,406
117,448
117,412
117,381
118,418
118,449
119,434
119,403
119,391
120,384
120,424
121,378
121,377
121,424
122,447
122,395
122,382
123,389
123,388
123,382
124,448
124,412
124,382
125,382
125,419
125,414
126,377
126,380
126,385
127,384
127,424
127,423
128,412
128,423
128,424
129,382
129,423
130,382
130,387
130,432
131,392
131,404
131,378
132,410
132,393
132,398
133,383
133,424
133,385
134,447
134,444
134,396
136,386
136,420
137,389
137,445
138,412
138,378
138,448
139,384
139,397
140,380
140,382
140,409
141,411
141,409
141,443
142,393
142,396
142,444
143,376
143,383
143,424
144,432
144,443
144,450
145,378
145,377
145,424
146,383
146,389
146,442
147,411
147,393
147,382
148,376
148,402
149,424
149,377
150,421
150,396
150,445
151,384
151,450
152,447
152,412
152,444
153,437
153,390
154,412
154,447
154,378
155,410
155,382
155,381
156,447
156,394
156,401
157,434
157,383
157,403
158,447
158,421
158,423
159,382
159,389
159,423
160,384
160,423
161,383
161,423
161,392
162,387
163,391
163,397
164,444
164,405
164,450
165,410
165,403
165,404
166,406
166,385
167,386
167,385
167,442
168,414
168,386
168,391
169,419
169,444
169,389
170,421
170,422
170,441
171,384
171,397
171,413
172,393
172,379
172,444
173,403
173,402
173,376
174,376
174,438
174,398
175,383
175,434
175,423
176,396
176,449
176,423
177,444
177,396
177,405
178,434
178,396
178,376
179,381
179,387
179,382
180,397
180,422
180,434
181,389
181,442
182,434
182,377
182,424
183,379
183,446
183,424
184,447
184,409
184,424
185,389
185,379
185,380
186,383
186,424
186,403
187,396
187,447
187,379
188,412
188,427
188,420
189,376
189,389
189,397
190,377
190,423
190,412
191,393
191,396
191,409
192,412
192,444
192,423
193,380
193,420
193,386
194,386
194,420
194,413
195,383
195,434
195,412
196,423
196,448
197,384
197,423
198,380
198,398
199,442
199,396
199,409
200,383
200,434
200,423
201,400
201,423
201,445
202,385
202,450
203,387
203,412
205,379
205,419
206,385
206,434
206,423
207,377
207,424
207,435
208,384
208,376
208,424
209,388
209,391
209,406
210,379
210,394
210,398
211,412
211,378
211,423
212,389
212,391
212,420
213,396
213,379
213,447
214,385
214,376
215,389
215,442
216,399
216,434
217,412
217,447
218,397
218,438
219,434
219,404
222,434
222,403
222,404
222,423
224,405
224,444
224,424
225,447
225,412
225,376
226,378
226,424
226,377
227,421
227,419
227,396
229,396
229,419
229,409
230,396
230,409
230,419
232,397
232,423
233,412
233,423
233,409
234,386
234,390
234,397
235,378
235,423
236,379
236,409
236,419
237,447
237,423
237,395
238,377
238,423
238,448
239,387
239,388
239,423
241,400
241,423
241,434
242,437
242,382
242,416
243,384
243,397
243,438
244,412
244,423
245,396
245,423
247,376
247,402
247,377
248,389
248,386
248,423
249,442
249,447
249,423
250,378
250,385
250,409
251,393
251,379
251,416
252,393
252,396
252,379
253,384
253,423
254,379
254,423
255,378
255,397
256,383
256,384
257,381
257,437
258,398
258,380
259,448
259,412
259,406
260,386
260,413
260,406
261,376
261,434
261,402
262,384
262,450
263,377
263,402
263,423
264,393
264,396
264,419
265,448
265,382
265,434
266,377
266,409
266,406
267,396
267,444
267,409
268,377
268,384
269,437
269,411
269,417
270,384
270,397
271,447
271,421
271,409
272,379
272,380
272,409
272,424
273,412
273,448
273,447
274,379
274,409
274,393
274,380
275,412
275,423
275,431
276,389
276,387
276,391
277,381
277,442
277,406
278,438
278,397
279,406
279,434
280,377
280,424
280,412
282,419
282,450
282,430
283,383
283,402
283,423
284,421
284,396
284,423
285,384
285,385
285,423
286,393
286,419
288,377
288,420
289,396
289,406
290,403
290,387
291,377
291,424
291,384
292,377
292,412
292,385
293,423
293,432
293,380
294,412
294,423
294,443
295,434
295,376
295,403
296,421
296,399
297,448
297,393
298,402
298,403
298,384
298,423
299,448
299,423
299,442
300,389
300,381
300,384
302,382
302,388
302,386
303,398
303,422
303,405
304,376
304,434
304,404
305,442
305,409
305,405
306,382
306,389
306,391
307,383
307,404
308,388
308,391
309,385
309,392
310,398
310,379
310,430
311,397
311,423
311,413
312,402
312,403
312,423
313,384
313,424
314,395
314,409
314,448
315,377
315,395
315,424
316,379
316,409
317,378
317,424
317,423
318,376
318,423
318,403
319,377
319,379
320,384
320,385
321,421
321,444
322,396
322,411
322,423
323,384
323,438
323,397
324,376
324,434
324,423
325,393
325,396
326,377
326,424
327,389
327,386
328,376
328,442
329,398
329,430
330,378
330,406
331,434
331,383
331,424
332,413
332,386
333,379
333,443
333,445
334,450
334,391
335,394
335,409
335,396
336,450
337,394
337,442
337,398
338,404
338,376
339,404
339,376
339,397
340,380
340,450
341,389
341,376
342,448
342,412
343,379
343,444
343,393
344,385
344,386
344,450
345,419
345,442
345,393
346,383
346,403
346,423
347,412
347,384
347,423
348,386
348,423
348,409
349,377
349,397
349,442
350,383
350,376
350,403
351,393
351,409
351,380
352,393
352,389
352,382
353,386
353,406
354,447
354,378
354,391
355,411
355,423
355,376
356,382
356,450
356,417
357,422
357,423
357,409
358,403
358,434
358,382
359,393
359,409
359,419
360,406
360,409
360,386
361,411
361,423
361,434
362,381
362,423
362,431
363,380
363,397
363,438
364,423
364,437
364,406
365,393
365,409
365,445
366,411
366,402
366,423
367,377
367,450
368,384
368,432
369,444
369,393
370,377
370,421
371,379
371,443
372,377
372,378
373,431
373,392
375,448
375,444
375,379
376,411
376,381
376,423
376,419
377,379
377,419
377,395
377,441
378,421
378,441
378,395
378,406
379,394
379,409
379,379
380,384
380,443
381,417
381,403
382,389
382,437
383,403
383,424
384,426
384,384
385,448
385,376
385,434
386,409
386,444
386,393
387,378
387,376
387,385
388,422
388,376
388,406
389,396
389,379
389,419
390,448
390,449
390,419
391,423
391,411
392,398
392,380
393,376
393,403
394,382
394,389
395,412
395,403
395,423
396,403
396,423
396,424
397,383
397,434
397,376
398,393
398,409
398,381
399,388
399,381
399,437
400,378
400,424
401,389
401,424
402,411
402,424
403,376
403,434
403,391
404,404
404,423
404,391
405,393
405,398
405,423
406,378
406,424
407,381
407,423
407,419
408,396
408,419
408,379
409,433
409,423
410,382
410,389
411,416
411,424
412,423
412,424
412,403
413,386
413,391
414,380
414,424
414,438
415,379
415,447
415,409
416,390
416,387
417,393
417,379
417,419
418,446
418,412
418,424
419,394
419,421
419,379
419,424
420,376
420,404
420,424
420,386
421,378
421,402
421,424
422,446
422,416
422,424
423,413
423,420
423,424
424,412
424,424
424,423
425,432
425,386
425,414
426,439
426,424
426,405
427,399
427,378
427,403
428,395
428,379
428,419
429,382
429,397
430,442
430,382
431,403
431,405
432,405
432,437
433,380
433,378
434,388
434,437
434,407
436,411
436,448
436,434
437,393
437,444
437,406
438,444
438,406
439,442
439,409
440,386
440,424
441,412
441,434
442,430
442,424
443,378
443,377
443,424
444,386
444,413
444,424
445,378
445,383
445,424
446,438
446,397
446,424
447,419
448,448
448,377
448,382
449,377
449,409
450,447
450,442
450,445
451,411
451,376
451,419
452,401
452,444
452,421
453,388
453,442
453,376
454,447
454,421
455,385
455,420
456,436
456,409
457,385
457,420
457,424
458,443
458,424
458,391
459,412
459,424
459,409
460,380
460,397
461,416
461,381
461,417
463,442
463,377
463,423
464,387
464,423
464,445
465,379
465,412
465,377
466,448
466,424
467,391
467,424
467,380
468,379
468,405
468,395
469,378
469,450
470,386
470,385
470,442
471,416
471,417
471,403
472,434
472,383
473,444
473,405
474,413
474,380
475,391
475,384
475,385
476,446
476,435
476,444
477,389
477,386
477,419
478,382
480,396
480,394
480,447
481,377
481,424
481,406
482,380
482,396
482,424
483,434
483,404
483,391
485,379
485,442
486,422
486,424
487,397
487,376
487,424
488,421
488,409
488,395
489,399
489,400
489,424
490,412
490,406
490,442
491,389
491,386
491,437
492,443
492,433
492,438
493,422
493,384
494,393
494,396
495,383
495,434
496,419
496,389
496,386
497,412
497,399
497,404
498,412
498,384
498,410
499,391
499,376
500,388
500,386
500,391
501,393
501,409
501,419
502,386
502,420
503,442
503,423
504,402
504,424
504,423
505,381
506,378
506,424
507,388
507,382
507,389
509,377
509,424
509,379
510,387
510,386
510,409
511,376
511,377
511,424
512,411
512,423
512,442
513,394
513,409
513,395
514,389
514,442
514,424
515,422
515,442
515,405
516,406
516,424
516,423
517,442
517,404
517,417
518,393
518,430
518,409
519,389
519,382
519,442
520,378
520,450
520,406
521,389
521,437
521,386
522,389
522,386
522,420
523,378
523,377
524,386
524,420
525,433
525,438
526,442
526,397
526,422
527,437
527,382
528,384
528,424
529,448
529,376
529,412
530,389
530,386
530,381
531,380
531,385
531,398
532,384
532,391
533,447
533,421
533,444
534,393
534,446
534,441
534,421
535,442
535,444
535,398
536,437
536,416
536,389
537,423
537,413
537,432
538,379
538,381
539,376
539,402
540,384
540,443
541,377
541,423
541,406
542,394
542,393
542,409
543,389
543,423
543,391
544,383
544,376
544,424
546,447
546,412
546,421
547,384
547,424
547,391
548,435
548,424
548,409
549,394
549,396
549,419
550,410
550,382
550,434
551,383
551,434
551,379
552,396
552,379
552,405
553,390
553,423
553,384
554,423
554,412
554,421
555,423
555,404
555,450
556,378
556,377
557,380
558,405
559,447
559,402
560,394
560,396
560,395
561,387
561,382
561,415
562,446
562,409
563,378
563,424
564,387
564,409
564,415
565,377
565,424
566,377
566,391
566,443
567,383
567,410
567,424
568,378
568,434
569,434
569,404
569,402
570,391
570,437
571,377
571,424
572,421
572,435
573,403
573,424
573,410
574,405
574,381
575,383
575,403
576,390
576,389
577,384
577,385
578,383
578,434
578,376
579,389
579,437
580,412
580,406
581,389
581,406
582,377
582,420
583,378
583,423
583,424
584,394
584,419
584,445
585,381
585,382
585,391
586,393
586,444
586,424
587,378
587,424
587,402
588,437
588,445
588,424
589,442
589,406
589,450
590,384
590,397
590,413
591,421
591,406
591,396
592,383
592,402
592,434
593,393
593,419
593,444
594,435
594,423
594,444
595,393
595,424
595,409
596,391
596,423
596,424
597,448
597,393
597,409
598,378
598,448
598,380
599,397
599,391
600,448
600,376
600,393
601,385
601,420
601,413
602,447
602,379
602,419
603,430
603,382
603,424
604,422
604,397
605,437
605,382
606,438
606,379
607,423
607,381
607,380
608,378
608,406
608,382
609,398
609,380
609,450
610,391
610,377
611,383
611,402
611,378
612,389
612,387
612,391
613,378
613,377
613,434
614,447
614,395
614,448
615,413
615,431
616,386
616,429
617,378
617,448
617,423
618,389
618,437
618,388
620,444
620,405
620,424
621,411
621,391
621,424
622,411
622,376
622,396
623,396
623,446
623,409
624,404
624,376
624,402
625,448
625,381
625,382
626,379
626,377
626,409
627,413
627,382
627,423
628,393
628,379
628,409
629,376
629,434
629,382
630,416
630,381
630,382
631,393
631,419
631,424
632,377
632,424
632,406
633,386
633,406
633,389
634,447
634,412
634,423
635,389
635,385
635,424
636,402
636,403
636,423
637,413
637,385
637,431
640,442
640,447
640,399
641,396
641,395
641,444
642,382
642,414
642,432
643,384
643,385
643,404
644,412
644,400
644,403
645,394
645,379
645,419
646,447
646,421
646,395
647,393
647,391
647,396
648,413
648,385
648,450
649,389
649,386
650,409
650,423
650,446
651,384
651,434
651,397
652,448
652,424
653,376
653,424
654,393
654,444
655,377
655,406
656,396
656,381
656,409
657,401
657,402
658,380
658,377
658,423
659,447
659,394
659,423
660,386
660,423
661,434
661,424
661,382
662,387
662,389
662,381
663,397
663,423
663,424
664,421
664,379
664,450
665,421
665,396
665,389
666,378
666,402
666,384
667,405
667,382
667,389
668,376
668,399
668,400
669,441
669,405
669,445
670,419
670,409
670,398
671,376
671,403
671,442
672,419
672,448
672,409
673,394
673,393
673,395
674,404
674,402
674,424
675,386
675,420
675,414
676,422
676,404
677,386
677,382
678,404
678,434
679,376
679,424
679,403
679,423
680,388
680,381
680,442
680,423
681,447
681,423
681,379
681,377
682,409
682,433
683,397
683,424
684,421
684,376
684,382
685,423
685,394
686,379
686,421
687,379
687,405
688,423
688,378
688,406
688,424
689,398
689,406
689,424
689,412
690,424
690,423
690,377
690,446
691,378
691,385
692,437
692,415
693,419
693,396
693,393
694,393
694,394
695,393
695,400
695,423
696,434
696,376
696,403
697,447
697,377
697,406
698,410
698,404
698,424
699,393
699,430
699,449
700,403
700,384
701,394
701,421
701,444
702,439
702,379
702,384
703,380
703,409
703,394
704,376
704,385
704,409
705,376
705,383
705,385
706,441
706,393
706,446
707,378
707,383
707,410
708,388
708,391
708,386
709,411
709,423
709,402
710,405
710,424
710,419
711,448
711,423
711,419
712,378
712,427
712,380
713,384
713,424
714,422
714,424
714,382
715,383
715,376
715,403
716,386
716,381
716,423
717,404
717,423
717,385
718,434
718,448
719,437
719,386
719,382
720,386
720,385
720,424
721,385
721,377
721,420
722,441
722,379
722,444
723,437
723,434
723,383
724,391
724,386
724,381
725,377
725,396
725,424
726,377
726,424
726,386
727,394
727,379
727,382
728,391
728,382
728,432
729,390
729,389
729,414
730,380
730,409
731,450
731,377
732,417
732,437
732,416
733,378
733,448
733,423
734,389
734,382
734,381
735,396
735,409
735,405
736,393
736,419
736,398
737,447
737,376
737,404
738,376
738,412
738,417
739,378
739,376
740,436
740,403
740,437
741,394
741,421
741,409
742,448
742,377
743,404
743,391
744,391
744,385
745,434
745,376
746,444
746,443
747,397
747,424
747,438
748,376
748,384
748,423
749,393
749,423
749,444
750,376
750,423
750,450
751,423
751,424
751,434
752,382
752,420
752,424
753,393
753,442
753,382
754,442
754,381
754,437
755,402
755,424
755,397
756,435
756,397
756,424
757,384
757,424
757,418
759,412
759,424
759,442
760,379
760,448
761,424
761,405
762,395
762,419
763,385
763,413
763,420
764,411
764,423
764,412
765,388
765,381
765,442
766,406
766,402
766,423
767,389
767,382
767,407
768,448
768,409
768,419
769,412
769,378
769,377
770,419
770,444
770,421
771,377
771,412
771,450
772,446
772,445
773,378
773,385
774,389
774,383
775,393
775,395
775,444
776,379
776,406
776,380
777,420
777,437
777,414
778,411
778,434
778,376
779,394
779,419
779,444
780,385
780,384
780,386
782,448
782,444
783,396
783,398
784,404
784,385
784,450
785,447
785,444
785,379
786,426
786,450
786,431
787,380
787,377
787,423
788,389
788,386
788,423
789,394
789,396
789,423
790,377
790,376
791,436
791,414
792,444
792,396
792,409
793,402
793,411
793,424
794,382
794,381
794,424
795,396
795,382
795,424
796,449
796,379
797,378
797,377
798,389
798,416
799,379
799,396
800,379
800,398
800,424
801,376
801,402
801,424
802,394
802,423
802,424
803,423
803,448
803,419
804,405
804,437
804,424
805,447
805,378
805,409
806,384
806,381
806,419
807,388
807,391
807,381
808,393
808,409
808,444
809,399
809,423
809,376
810,419
810,444
810,423
811,395
811,409
812,378
812,377
813,444
813,409
813,438
814,391
814,381
815,384
815,380
815,385
816,394
816,419
816,421
817,410
817,423
817,382
818,382
818,442
818,396
819,380
819,423
819,378
820,380
820,396
821,393
821,396
821,446
822,384
822,385
823,387
823,423
823,391
824,378
824,423
824,424
825,393
825,423
826,385
826,397
826,438
827,379
827,380
827,424
828,432
828,403
828,438
829,412
829,402
830,393
830,394
830,409
831,389
831,387
831,382
832,442
832,406
833,423
833,398
833,400
834,393
834,441
834,442
835,377
835,423
835,382
836,389
836,437
836,423
837,396
837,394
837,448
838,393
838,409
839,402
839,404
839,423
840,388
840,391
840,423
841,448
841,381
841,399
842,391
842,432
842,443
843,404
843,423
843,403
844,430
844,379
845,378
845,448
845,381
846,379
846,393
846,423
848,402
848,376
848,442
849,438
849,397
849,385
850,376
850,383
850,434
851,437
851,390
851,387
852,422
852,438
852,409
853,378
853,376
853,434
854,384
854,391
854,413
855,394
855,379
855,444
857,380
857,424
857,430
858,383
858,434
858,376
859,396
859,382
859,380
860,377
860,378
860,442
861,435
861,450
861,428
862,424
862,397
863,448
863,424
864,378
864,424
864,402
865,398
865,442
865,405
866,382
866,424
866,407
867,447
867,412
867,405
868,376
868,410
868,434
869,444
869,393
869,380
870,381
870,414
871,378
871,393
871,444
872,384
872,397
872,438
873,411
873,393
873,394
874,434
874,386
875,386
875,420
876,412
876,447
877,447
877,394
877,421
878,386
878,391
878,432
879,400
879,399
879,434
880,384
880,420
881,420
881,407
881,391
882,395
882,394
882,442
883,448
883,412
883,423
884,380
884,409
885,403
885,423
885,416
886,376
886,397
886,412
887,378
887,424
887,381
888,389
888,403
888,388
889,393
889,398
889,419
890,444
890,418
890,423
891,389
891,423
892,403
892,377
893,448
893,382
893,437
894,384
894,397
894,382
895,395
895,448
896,448
896,402
897,404
897,402
898,393
898,419
898,380
899,434
899,403
899,411
900,380
900,424
900,398
901,421
901,441
902,378
902,384
902,412
903,437
903,415
903,391
905,421
905,442
905,405
906,381
906,449
906,448
907,412
907,421
907,423
908,389
908,423
908,421
909,404
909,391
909,384
911,442
911,405
911,381
912,393
912,396
912,398
913,402
913,424
913,385
914,396
914,379
914,443
915,386
915,420
915,385
916,448
916,423
917,384
917,423
917,397
918,416
918,382
918,419
919,447
919,423
920,396
920,409
921,386
921,423
922,447
922,406
923,384
923,424
924,386
924,424
924,406
925,379
925,409
925,447
926,416
926,397
926,404
927,387
927,397
928,404
928,434
928,424
929,412
929,393
929,421
930,393
930,424
930,444
931,422
931,442
931,405
932,419
932,379
932,442
933,412
933,378
933,402
934,378
934,424
935,434
935,402
936,395
936,393
936,444
937,379
937,434
937,398
939,379
939,419
939,391
940,377
940,424
941,376
941,403
941,391
942,395
942,405
942,406
943,376
943,434
943,423
944,412
944,423
944,380
945,393
945,444
945,443
946,388
946,386
946,419
947,444
947,379
947,406
948,404
948,384
948,445
949,384
949,423
949,424
950,381
950,450
950,423
951,444
951,393
951,421
952,448
952,423
952,381
952,424
953,423
953,424
953,380
954,424
954,423
954,428
955,403
955,402
955,378
956,404
956,403
957,411
957,448
959,421
959,419
960,389
960,391
961,404
961,402
961,424
962,448
962,444
962,412
963,390
963,424
963,445
964,411
964,423
964,424
965,444
965,423
965,450
966,380
966,419
966,414
967,404
967,424
968,442
968,405
968,409
969,421
969,409
969,399
970,383
970,424
970,386
971,386
971,420
971,385
972,446
972,437
972,419
973,378
973,424
973,423
975,396
975,379
975,405
976,378
976,423
976,431
977,432
977,386
977,382
978,393
978,379
978,419
979,394
979,395
979,444
980,394
980,412
980,402
981,405
981,398
981,444
982,442
982,382
982,445
983,397
983,450
984,402
984,447
985,448
985,423
985,409
986,393
986,423
986,421
987,377
987,378
987,424
988,376
988,384
989,406
989,409
989,442
990,377
990,448
990,406
991,377
991,402
991,424
992,376
992,424
993,447
993,377
993,424
994,378
994,397
995,389
995,416
996,393
996,409
996,419
997,377
997,423
998,393
998,396
998,381
999,423
999,412
999,376
1002,419
1002,444
1002,441
1003,386
1003,424
1003,406
1004,393
1004,396
1004,424
1005,448
1005,382
1005,424
1007,391
1007,386
1007,390
1008,383
1008,434
1008,404
1009,423
1009,378
1009,400
1010,379
1010,409
1010,382
1011,384
1011,397
1011,424
1012,377
1012,423
1012,406
1013,395
1013,382
1013,423
1014,386
1014,406
1015,389
1015,407
1016,377
1016,447
1016,424
1017,390
1017,389
1017,424
1018,445
1018,444
1019,380
1019,444
1020,444
1020,445
1021,413
1021,450
1021,406
1022,405
1022,377
1022,406
1023,448
1023,409
1023,380
1024,396
1024,379
1025,402
1025,378
1025,434
1026,378
1026,377
1026,450
1027,376
1027,434
1027,386
1028,448
1028,444
1028,442
1029,416
1029,381
1029,407
1030,447
1030,399
1030,446
1031,397
1031,380
1031,391
1032,396
1032,395
1032,446
1033,378
1033,377
1035,396
1035,409
1035,380
1036,384
1036,424
1037,396
1037,382
1037,380
1038,423
1038,443
1038,442
1039,384
1039,423
1039,385
1040,445
1040,423
1041,448
1041,379
1041,423
1042,385
1042,450
1042,431
1043,398
1043,379
1043,419
1044,448
1044,444
1044,409
1045,383
1045,423
1045,424
1046,386
1046,385
1046,424
1047,445
1047,395
1047,423
1048,380
1048,430
1049,386
1049,391
1050,396
1050,444
1051,380
1051,424
1052,396
1052,393
1053,438
1053,423
1053,403
1054,393
1054,379
1054,409
1055,448
1055,412
1055,381
1056,412
1056,386
1056,385
1057,434
1057,376
1057,424
1058,386
1058,391
1058,424
1059,444
1059,379
1059,419
1060,376
1060,399
1060,448
1061,379
1061,405
1061,396
1062,396
1062,398
1062,379
1063,378
1063,376
1063,397
1064,436
1064,394
1064,423
1065,447
1065,394
1065,423
1066,403
1066,404
1067,448
1067,447
1067,444
1068,389
1068,437
1069,439
1069,424
1071,409
1071,417
1071,405
1072,442
1072,376
1073,379
1073,398
1073,424
1074,376
1074,410
1074,424
1075,447
1075,394
1076,378
1076,380
1077,398
1077,397
1078,389
1078,415
1079,376
1079,378
1079,385
1080,444
1080,396
1080,409
1081,393
1081,447
1081,423
1082,398
1082,397
1082,423
1083,389
1083,423
1083,383
1084,378
1084,424
1084,403
1085,394
1085,421
1085,444
1086,382
1086,416
1086,424
1087,391
1087,388
1087,414
1088,448
1088,396
1088,378
1089,383
1089,434
1089,402
1090,383
1090,434
1091,405
1091,397
1092,437
1092,417
1093,393
1093,396
1094,376
1094,434
1095,405
1095,450
1096,402
1096,434
1096,377
1097,430
1097,439
1097,379
1098,393
1098,409
1098,379
1099,448
1099,434
1100,384
1100,424
1101,434
1101,421
1101,409
1102,378
1102,424
1103,389
1103,437
1104,383
1104,424
1105,423
1105,421
1105,394
1106,377
1106,378
1106,385
1107,445
1107,437
1107,387
1108,412
1108,376
1108,423
1109,413
1109,385
1109,424
1110,442
1110,381
1110,423
1111,423
1111,438
1112,444
1112,445
1113,447
1113,409
1113,444
1114,385
1114,413
1115,389
1115,382
1116,377
1116,450
1117,378
1117,379
1117,431
1118,448
1118,422
1118,384
1119,398
1119,419
1119,430
1120,378
1120,385
1121,394
1121,379
1122,444
1122,403
1123,378
1123,424
1123,397
1124,442
1124,409
1124,382
1125,436
1125,412
1125,411
1126,377
1126,424
1127,423
1127,412
1127,377
1128,387
1128,423
1128,389
1129,447
1129,379
1129,444
1130,404
1130,380
1130,382
1131,379
1131,405
1131,444
1132,378
1132,434
1133,390
1133,382
1134,413
1134,385
1135,423
1135,381
1136,396
1136,394
1136,444
1137,427
1137,381
1138,394
1138,379
1138,395
1139,388
1139,442
1140,446
1140,409
1140,406
1142,389
1142,439
1142,438
1143,421
1143,394
1143,448
1144,448
1144,424
1144,444
1145,376
1145,397
1145,424
1146,379
1146,444
1146,424
1147,412
1147,424
1147,448
1148,421
1148,444
1148,379
1149,393
1149,396
1149,424
1150,396
1150,398
1150,382
1151,399
1151,394
1151,450
1152,385
1152,403
1152,382
1153,391
1153,385
1153,434
1154,423
1154,412
1154,385
1155,420
1155,385
1155,431
1156,399
1156,442
1156,403
1157,437
1157,420
1157,421
1158,447
1158,399
1158,421
1159,434
1159,376
1159,378
1160,380
1160,449
1161,416
1161,385
1162,380
1162,379
1163,381
1163,406
1164,402
1164,403
1165,448
1165,401
1166,377
1166,409
1167,390
1167,389
1168,412
1168,423
1168,377
1169,388
1169,437
1169,391
1170,404
1170,434
1170,397
1171,448
1171,377
1171,379
1172,389
1172,423
1172,424
1173,402
1173,376
1173,423
1174,448
1174,391
1174,376
1175,445
1175,424
1176,448
1176,377
1176,406
1177,380
1177,409
1177,406
1178,391
1178,381
1178,390
1179,395
1179,409
1179,394
1180,377
1180,379
1180,447
1182,432
1182,389
1182,450
1183,377
1183,379
1184,405
1184,444
1184,379
1185,437
1185,417
1185,450
1186,385
1186,432
1186,382
1187,377
1187,400
1187,448
1188,386
1188,385
1188,413
1189,376
1189,391
1189,424
1190,384
1190,424
1191,389
1191,376
1192,379
1192,395
1192,409
1193,376
1193,400
1193,403
1194,386
1194,385
1194,420
1196,444
1196,379
1196,396
1197,419
1197,449
1197,379
1198,447
1198,379
1199,391
1199,396
1200,379
1200,396
1201,448
1201,399
1202,437
1202,387
1203,376
1203,403
1204,377
1204,424
1204,406
1205,409
1205,442
1205,394
1206,377
1206,424
1206,383
1207,384
1207,419
1208,378
1208,448
1208,406
1209,404
1209,423
1209,397
1210,393
1210,409
1210,398
1211,399
1211,384
1211,441
1212,411
1212,406
1212,447
1213,448
1213,423
1213,412
1214,444
1214,436
1214,443
1215,384
1215,380
1215,423
1216,422
1216,402
1216,447
1217,389
1218,380
1218,391
1219,378
1219,377
1220,411
1220,387
1221,380
1221,393
1221,398
1222,382
1222,403
1223,393
1223,419
1223,382
1224,435
1224,450
1225,398
1225,430
1226,378
1226,424
1226,377
1227,412
1227,383
1227,399
1228,378
1228,406
1229,402
1229,442
1229,434
1230,390
1230,389
1230,416
1231,378
1231,376
1232,386
1232,423
1232,390
1233,379
1233,423
1233,442
1234,393
1234,409
1234,419
1235,400
1235,445
1235,444
1236,390
1236,389
1236,386
1237,379
1237,423
1237,424
1238,384
1238,423
1238,424
1239,423
1239,383
1239,403
1240,393
1240,405
1240,398
1241,412
1241,434
1241,402
1242,414
1242,437
1243,406
1243,376
1244,419
1244,442
1245,402
1245,376
1246,379
1246,447
1246,446
1247,393
1247,443
1247,409
1248,412
1248,377
1248,399
1250,377
1250,424
1250,376
1251,395
1251,393
1251,419
1252,442
1252,423
1253,378
1253,406
1254,422
1254,423
1255,379
1255,378
1255,444
1256,432
1256,403
1257,399
1257,421
1257,444
1258,444
1258,396
1258,379
1259,424
1259,379
1259,389
1260,404
1260,424
1260,397
1261,393
1261,419
1261,435
1262,378
1262,424
1262,377
1263,416
1263,414
1263,403
1264,377
1264,424
1265,412
1265,377
1265,424
1266,379
1266,444
1266,442
1267,377
1267,423
1268,389
1268,423
1268,437
1269,445
1269,394
1269,421
1270,376
1270,384
1270,385
1271,388
1271,387
1271,433
1272,438
1272,384
1272,380
1273,376
1273,396
1273,377
1274,377
1274,406
1275,395
1275,396
1275,444
1276,434
1276,442
1276,424
1277,380
1277,424
1277,430
1278,421
1278,393
1278,418
1279,396
1279,434
1280,423
1280,378
1280,396
1281,389
1281,423
1281,384
1283,391
1283,423
1283,424
1284,411
1284,393
1284,423
1285,403
1285,404
1285,386
1286,411
1286,412
1286,424
1287,386
1287,420
1287,424
1288,379
1288,380
1289,377
1289,403
1289,412
1290,405
1290,409
1290,444
1291,377
1291,424
1292,448
1292,447
1293,389
1293,391
1294,446
1294,444
1294,406
1295,387
1295,384
1295,390
1296,434
1296,402
1296,406
1297,379
1297,447
1297,406
1298,377
1298,376
1299,384
1299,404
1300,377
1300,421
1300,412
1302,409
1302,444
1302,421
1303,377
1303,424
1304,403
1304,424
1304,381
1305,447
1305,446
1305,419
1306,384
1306,424
1306,409
1307,396
1307,448
1307,444
1308,412
1308,402
1308,403
1309,448
1309,423
1310,434
1310,376
1310,423
1311,377
1311,409
1311,423
1312,437
1312,424
1313,395
1313,379
1313,409
1314,421
1314,444
1314,447
1315,384
1315,385
1316,444
1316,405
1317,389
1317,414
1318,384
1318,450
1319,382
1319,450
1319,381
1320,389
1320,437
1321,447
1321,409
1322,397
1322,438
1322,380
1323,389
1323,382
1324,423
1324,412
1325,389
1325,423
1326,393
1326,395
1327,384
1327,397
1328,412
1328,402
1328,397
1329,393
1329,398
1329,436
1330,412
1330,420
1331,388
1331,381
1331,386
1332,409
1332,386
1332,391
1333,382
1333,403
1334,385
1334,392
1335,447
1335,444
1336,442
1336,434
1336,389
1337,443
1337,379
1337,450
1338,389
1338,412
1338,417
1339,393
1339,379
1339,385
1340,405
1340,406
1340,420
1341,393
1341,379
1341,391
1342,391
1342,434
1342,397
1343,381
1343,389
1343,423
1344,389
1344,423
1344,420
1345,376
1345,403
1345,391
1346,386
1346,385
1346,389
1347,379
1347,398
1347,419
1348,397
1348,424
1348,404
1349,400
1349,424
1349,376
1350,376
1350,402
1350,424
1351,393
1351,379
1351,437
1352,404
1352,377
1352,397
1353,386
1353,385
1353,436
1354,434
1354,391
1354,376
1355,394
1355,393
1355,389
1356,402
1356,410
1356,376
1357,378
1357,424
1358,406
1358,409
1358,381
1359,402
1359,410
1359,434
1360,434
1360,376
1360,402
1361,389
1361,397
1361,412
1362,412
1362,378
1362,402
1363,448
1363,399
1363,406
1364,424
1364,406
1364,412
1365,407
1365,386
1365,391
1366,393
1366,409
1367,404
1367,403
1367,410
1369,448
1369,382
1370,378
1370,424
1370,377
1371,387
1371,450
1371,382
1372,378
1372,448
1373,421
1373,393
1373,446
1374,448
1374,423
1375,377
1375,424
1375,380
1376,442
1376,443
1378,423
1378,377
1378,376
1379,434
1379,376
1379,423
1380,387
1380,416
1380,423
1381,402
1381,376
1381,423
1382,377
1382,380
1382,409
1383,390
1383,437
1383,423
1384,378
1384,376
1385,381
1385,382
1386,396
1386,444
1387,376
1387,423
1387,381
1388,402
1388,376
1388,423
1389,389
1389,423
1389,387
1390,421
1390,444
1390,379
1391,448
1391,411
1391,409
1392,420
1392,431
1392,392
1393,421
1393,409
1393,441
1394,376
1394,383
1394,423
1395,399
1395,423
1395,376
1396,412
1396,402
1396,378
1397,394
1397,395
1397,419
1398,384
1398,438
1398,441
1400,411
1400,447
1401,383
1401,411
1401,424
1402,376
1402,434
1402,391
1403,389
1403,386
1403,387
1404,410
1404,412
1404,444
1406,402
1406,383
1406,376
1407,421
1407,444
1407,406
1409,383
1409,386
1409,391
1410,447
1410,444
1410,406
1411,378
1411,377
1412,379
1412,405
1413,389
1413,437
1414,386
1414,450
1415,397
1415,423
1417,437
1417,382
1418,394
1418,421
1418,444
1419,434
1419,410
1419,423
1420,384
1420,397
1421,394
1421,382
1421,379
1422,414
1422,387
1422,382
1423,448
1424,442
1424,424
1425,383
1425,402
1426,403
1426,383
1426,423
1427,449
1427,386
1427,389
1428,396
1428,444
1428,431
1429,447
1429,393
1430,376
1430,434
1430,403
1431,391
1431,399
1432,404
1432,402
1432,423
1433,386
1433,385
1433,409
1434,397
1434,423
1434,412
1435,433
1435,423
1436,402
1436,383
1436,376
1437,376
1437,384
1437,423
1438,442
1438,376
1438,424
1439,438
1439,424
1439,443
1440,399
1440,424
1440,402
1441,396
1441,398
1441,419
1442,403
1442,384
1442,410
1443,437
1443,403
1443,410
1444,385
1444,413
1445,391
1445,382
1445,442
1446,396
1446,419
1446,424
1447,398
1447,423
1448,420
1448,385
1449,403
1449,423
1449,416
1450,422
1450,397
1450,434
1451,445
1451,382
1451,437
1452,376
1452,434
1452,449
1453,390
1453,389
1454,377
1454,438
1455,448
1455,395
1456,379
1456,396
1456,395
1457,377
1457,427
1458,423
1458,410
1459,423
1459,437
1459,448
1460,402
1460,434
1460,423
1461,390
1461,437
1461,409
1462,394
1462,402
1462,424
1463,388
1463,381
1463,424
1464,379
1464,406
1464,424
1465,411
1465,403
1466,384
1466,397
1466,424
1467,377
1467,424
1467,409
1468,410
1468,376
1468,434
1469,446
1469,379
1469,399
1471,389
1471,442
1472,379
1472,409
1472,442
1473,419
1473,421
1473,379
1474,378
1474,377
1475,389
1475,423
1476,447
1476,423
1476,399
1477,406
1477,391
1477,420
1478,389
1478,381
1478,421
1479,447
1479,396
1480,437
1480,381
1481,381
1481,380
1481,406
1482,448
1482,381
1482,423
1483,442
1483,385
1484,384
1484,418
1485,388
1485,414
1485,391
1486,412
1486,423
1487,381
1487,382
1488,389
1488,397
1489,442
1489,423
1490,432
1490,386
1491,396
1491,423
1491,444
1492,378
1492,424
1492,376
1493,381
1493,387
1493,450
1494,396
1494,379
1494,424
1495,448
1495,423
1496,384
1496,423
1497,384
1497,432
1498,379
1498,412
1498,409
1499,382
1499,414
1499,445
1500,397
1500,422
1500,382
1501,380
1501,409
1501,442
1502,404
1502,402
1502,384
1503,399
1503,394
1503,421
1504,376
1504,383
1504,412
1505,382
1505,381
1506,438
1506,397
1506,405
1508,448
1508,409
1508,391
1509,413
1509,420
1509,450
1510,384
1510,397
1511,377
1511,412
1512,395
1512,393
1513,383
1513,434
1513,403
1515,398
1515,379
1515,419
1516,386
1516,420
1516,385
1517,423
1517,434
1517,447
1518,434
1518,378
1518,391
1519,377
1519,424
1520,384
1520,424
1521,387
1521,389
1522,423
1522,437
1523,377
1523,423
1524,394
1524,421
1525,442
1525,381
1525,424
1527,394
1527,421
1527,419
1528,377
1528,424
1529,399
1529,424
1529,382
1530,411
1530,434
1530,376
1531,446
1531,450
1531,444
1532,394
1532,380
1532,419
1533,388
1533,391
1533,386
1534,382
1534,424
1535,386
1535,424
1535,442
1536,376
1536,434
1536,384
1537,397
1537,382
1538,444
1538,396
1538,379
1539,412
1539,383
1539,379
1540,393
1540,444
1540,396
1540,379
1541,384
1541,424
1542,378
1542,376
1542,424
1543,393
1543,398
1543,409
1544,377
1544,391
1544,423
1545,410
1545,423
1545,391
1546,402
1546,377
1546,424
1547,433
1547,450
1547,442
1548,389
1548,424
1548,415
1549,378
1549,406
1550,437
1550,414
1550,383
1551,383
1551,397
1551,377
1552,380
1552,384
1554,448
1554,423
1554,400
1555,393
1555,379
1556,423
1556,434
1557,413
1558,379
1558,419
1558,396
1559,413
1559,389
1559,406
1560,389
1560,414
1560,438
1562,378
1562,377
1562,406
1564,378
1564,376
1564,424
1565,389
1565,381
1565,376
1566,438
1566,380
1566,379
1567,376
1567,424
1567,386
1568,416
1568,389
1568,386
1569,389
1569,386
1569,442
1570,377
1570,424
1570,406
1571,380
1571,393
1571,424
1572,423
1572,434
1572,424
1573,394
1573,379
1573,393
1574,434
1574,383
1574,404
1575,393
1575,391
1575,409
1576,423
1577,383
1577,378
1577,423
1578,416
1578,417
1578,423
1579,389
1579,386
1579,377
1580,393
1580,412
1580,406
1581,376
1581,402
1581,378
1582,403
1582,383
1583,390
1583,437
1584,398
1584,442
1585,396
1585,444
1585,409
1586,445
1586,424
1586,419
1587,422
1587,437
1587,410
1588,378
1588,423
1588,411
1589,405
1589,379
1589,450
1590,396
1590,379
1590,423
1591,383
1591,424
1591,382
1592,395
1592,379
1592,409
1593,382
1593,381
1593,397
1594,396
1594,419
1594,444
1595,448
1595,402
1595,449
1596,404
1596,402
1596,380
1597,384
1597,423
1597,380
1598,388
1598,389
1598,422
1599,380
1599,396
1599,397
1600,442
1600,434
1600,382
1601,384
1601,423
1601,397
1602,377
1602,411
1602,423
1603,403
1603,423
1603,391
1604,386
1604,385
1605,379
1605,419
1605,423
1606,390
1606,442
1607,393
1607,396
1607,421
1608,376
1608,403
1608,377
1609,413
1609,420
1609,431
1610,402
1610,376
1610,424
1611,416
1611,412
1612,393
1612,396
1612,424
1613,447
1613,402
1613,406
1614,385
1614,406
1614,424
1615,377
1615,424
1616,423
1616,409
1616,396
1617,424
1617,393
1618,412
1618,384
1618,385
1619,403
1619,419
1619,421
1620,422
1620,398
1620,392
1621,402
1621,391
1621,378
1622,384
1622,397
1622,420
1623,382
1623,389
1623,450
1624,378
1624,423
1624,424
1625,393
1625,389
1625,424
1626,389
1626,414
1626,381
1627,413
1627,385
1627,424
1628,377
1628,442
1628,424
1629,393
1629,380
1629,405
1630,391
1630,448
1631,444
1631,394
1631,382
1632,389
1632,391
1632,442
1633,380
1633,450
1634,393
1634,381
1634,394
1635,447
1635,394
1635,406
1636,377
1636,380
1636,424
1637,387
1637,388
1637,381
1638,379
1638,396
1638,409
1639,378
1639,412
1639,423
1640,396
1640,445
1640,393
1641,434
1641,391
1641,423
1642,378
1642,442
1642,434
1643,423
1643,409
1643,410
1644,414
1644,423
1644,437
1645,380
1645,409
1645,382
1646,378
1646,409
1646,392
1647,448
1647,399
1647,409
1648,377
1648,448
1648,412
1649,391
1649,403
1649,422
1650,398
1650,441
1650,422
1651,383
1651,423
1651,376
1652,384
1652,424
1653,386
1653,391
1653,423
1654,388
1654,423
1654,381
1655,379
1655,396
1655,409
1656,423
1656,402
1656,403
1657,378
1657,423
1657,424
1658,386
1658,442
1658,406
1659,438
1659,423
1659,424
1660,411
1660,421
1661,389
1661,416
1662,384
1662,397
1663,446
1663,423
1664,446
1664,421
1664,423
1665,389
1665,398
1665,395
1666,384
1666,424
1668,404
1668,424
1668,384
1669,386
1669,423
1669,385
1670,398
1670,424
1670,379
1671,391
1671,434
1671,423
1672,402
1672,403
1674,406
1674,380
1675,377
1675,406
1675,423
1676,421
1676,445
1676,406
1677,390
1677,399
1677,423
1678,412
1678,378
1678,379
1679,385
1679,386
1679,392
1680,381
1680,448
1680,421
1681,423
1681,442
1682,423
1682,376
1684,419
1684,444
1684,405
1685,412
1685,410
1685,402
1686,378
1686,424
1686,412
1687,402
1687,403
1688,426
1688,438
1689,387
1689,382
1689,391
1690,383
1690,434
1690,450
1691,391
1691,386
1691,442
1692,442
1692,379
1693,448
1693,382
1694,386
1695,421
1695,446
1696,379
1696,424
1696,406
1697,382
1697,403
1698,404
1698,376
1698,424
1699,380
1699,424
1700,381
1700,448
1700,409
1701,412
1701,434
1701,378
1702,383
1702,403
1702,378
1703,411
1703,412
1703,444
1704,447
1704,421
1704,406
1705,402
1705,383
1705,434
1706,395
1706,396
1706,379
1707,381
1707,424
1707,414
1708,434
1708,404
1708,384
1709,405
1709,406
1710,386
1710,420
1710,423
1711,383
1712,394
1712,396
1712,395
1713,390
1713,389
1714,409
1714,419
1715,377
1715,424
1716,437
1716,391
1717,380
1717,450
1718,388
1718,387
1719,383
1719,404
1720,379
1720,409
1722,402
1722,391
1722,377
1723,377
1723,424
1723,423
1725,419
1725,394
1725,423
1726,398
1726,444
1726,395
1727,398
1727,395
1727,444
1728,402
1728,403
1728,434
1729,442
1729,424
1729,379
1730,393
1730,398
1730,379
1731,423
1731,390
1731,417
1732,410
1732,424
1733,393
1733,380
1733,424
1734,383
1734,386
1734,424
1735,377
1735,412
1736,404
1736,438
1737,444
1737,393
1738,376
1738,424
1738,397
1739,381
1739,389
1739,397
1740,379
1740,409
1740,431
1741,383
1741,378
1741,397
1742,396
1742,419
1742,379
1743,409
1743,379
1743,396
1744,442
1744,382
1745,448
1745,399
1745,382
1746,382
1746,386
1747,420
1747,386
1747,429
1748,398
1748,444
1748,405
1749,391
1749,419
1749,381
1750,377
1750,383
1751,397
1751,391
1752,406
1752,443
1752,444
1753,412
1753,411
1753,423
1754,384
1754,423
1755,382
1755,396
1756,447
1756,423
1757,423
1757,388
1758,432
1758,423
1759,385
1759,424
1760,393
1760,412
1760,424
1761,402
1761,383
1761,376
1762,438
1762,391
1762,414
1763,394
1763,396
1763,424
1764,384
1764,378
1764,424
1765,386
1765,420
1765,424
1766,448
1766,381
1767,376
1767,402
1767,391
1768,422
1768,400
1769,447
1769,393
1770,393
1770,394
1771,382
1771,386
1771,416
1772,378
1772,376
1772,406
1773,396
1773,379
1773,419
1774,447
1774,379
1774,406
1775,433
1775,409
1776,388
1776,421
1777,402
1777,399
1778,388
1778,381
1778,404
1779,422
1779,413
1780,448
1780,393
1780,428
1781,398
1781,424
1781,393
1782,447
1782,379
1782,424
1783,383
1783,434
1783,423
1784,412
1784,450
1785,390
1785,389
1785,437
1786,387
1786,389
1786,445
1787,379
1787,424
1787,423
1788,389
1788,423
1788,437
1789,421
1789,423
1789,445
1790,389
1790,423
1790,442
1791,383
1791,376
1791,423
1792,446
1792,380
1792,396
1793,434
1793,397
1793,382
1794,379
1794,441
1794,446
1795,393
1795,382
1795,437
1796,380
1796,423
1796,421
1797,404
1797,434
1797,423
1798,411
1798,434
1798,423
1799,376
1799,424
1799,423
1800,381
1800,382
1800,423
1801,379
1801,393
1801,424
1802,396
1802,406
1802,409
1803,384
1803,404
1803,423
1804,423
1804,448
1804,409
1805,423
1805,376
1805,434
1806,377
1806,378
1806,423
1807,376
1807,423
1807,442
1808,385
1808,450
1808,424
1809,393
1809,380
1809,424
1810,389
1810,384
1810,397
1811,398
1811,409
1812,376
1812,434
1813,448
1813,423
1813,412
1814,398
1814,386
1815,447
1815,376
1815,377
1816,389
1816,387
1816,383
1817,377
1817,424
1817,376
1818,396
1818,442
1818,444
1819,437
1819,445
1819,416
1820,378
1820,423
1821,423
1821,411
1821,409
1822,381
1822,404
1822,411
1823,394
1823,444
1824,444
1824,398
1824,424
1825,384
1825,402
1825,424
1826,434
1826,424
1826,391
1827,381
1827,390
1827,386
1828,378
1828,448
1828,424
1829,447
1829,424
1829,386
1830,391
1830,442
1830,382
1832,378
1832,377
1832,376
1833,442
1833,377
1833,380
1834,381
1834,389
1834,386
1835,412
1835,423
1836,423
1836,382
1837,384
1837,423
1838,414
1838,443
1840,405
1840,423
1840,421
1841,391
1841,376
1841,403
1843,450
1843,384
1843,428
1844,386
1844,389
1845,397
1845,385
1846,401
1846,423
1847,377
1847,423
1847,424
1848,416
1848,450
1849,385
1849,420
1849,378
1850,376
1850,403
1850,424
1851,446
1851,424
1852,394
1852,441
1852,380
1853,448
1853,381
1854,397
1854,424
1855,390
1855,391
1856,376
1856,378
1856,403
1857,386
1857,385
1857,420
1858,376
1858,403
1858,397
1859,378
1859,450
1859,431
1860,448
1860,409
1860,381
1861,389
1861,442
1861,450
1862,423
1862,424
1863,389
1863,423
1864,401
1864,423
1865,442
1865,382
1866,447
1866,412
1866,402
1867,447
1867,406
1867,446
1868,442
1868,424
1869,404
1869,424
1869,376
1870,447
1870,421
1870,405
1871,393
1871,409
1871,380
1872,434
1872,383
1872,403
1873,389
1873,423
1873,391
1874,378
1874,421
1874,431
1875,385
1875,386
1875,431
1876,393
1876,395
1876,419
1877,448
1877,386
1878,402
1878,383
1878,448
1879,388
1879,389
1879,386
1880,396
1880,394
1881,447
1881,377
1881,434
1882,394
1882,382
1882,418
1883,423
1883,406
1884,384
1884,424
1885,437
1885,424
1886,386
1886,384
1886,385
1887,412
1887,396
1887,409
1888,433
1888,409
1888,407
1889,447
1889,409
1890,382
1891,412
1891,448
1891,424
1892,376
1892,424
1893,393
1893,394
1893,424
1894,394
1894,393
1894,442
1895,378
1895,450
1896,376
1896,442
1896,391
1897,430
1897,409
1897,441
1898,403
1898,402
1898,423
1899,379
1899,423
1899,406
1901,396
1901,419
1901,382
1902,378
1902,377
1902,434
1903,390
1903,403
1903,382
1904,380
1904,377
1906,402
1906,403
1906,385
1907,434
1907,376
1907,403
1908,419
1908,448
1908,442
1910,377
1910,424
1910,406
1911,379
1911,409
1911,442
1912,386
1912,385
1912,434
1913,382
1913,394
1913,381
1914,386
1914,391
1914,381
1915,391
1915,424
1915,376
1916,448
1916,381
1916,423
1917,389
1917,423
1917,436
1918,423
1918,385
1918,424
1919,378
1919,409
1919,397
1920,393
1920,378
1920,402
1921,403
1921,383
1921,381
1922,384
1922,423
1923,447
1923,421
1923,423
1924,411
1924,402
1924,423
1925,413
1925,385
1926,421
1926,409
1927,427
1927,450
1928,396
1928,445
1929,396
1929,382
1929,432
1930,402
1930,434
1930,384
1931,423
1931,446
1932,380
1932,424
1933,402
1933,391
1933,376
1934,393
1934,396
1934,409
1935,434
1935,376
1935,404
1936,445
1937,448
1938,384
1938,450
1939,389
1939,384
1940,383
1940,423
1941,447
1941,423
1941,406
1942,398
1942,380
1942,423
1943,384
1943,423
1943,424
1944,439
1944,424
1945,423
1945,444
1946,412
1946,377
1947,393
1947,396
1947,379
1948,381
1948,389
1948,386
1949,432
1949,424
1950,441
1950,405
1950,445
1951,400
1951,424
1951,445
1952,377
1952,382
1953,404
1953,417
1953,408
1954,414
1954,382
1954,442
1955,389
1955,391
1956,412
1956,383
1956,434
1957,396
1957,394
1957,442
1958,377
1958,442
1958,423
1959,423
1959,382
1959,377
1960,438
1960,397
1960,418
1961,410
1961,384
1961,424
1962,389
1962,388
1962,442
1964,442
1964,381
1965,393
1965,398
1966,393
1966,447
1967,391
1967,420
1968,442
1968,437
1969,379
1969,409
1970,378
1970,448
1971,393
1971,409
1971,378
1972,388
1972,403
1972,387
1973,427
1973,378
1973,450
1974,402
1974,423
1974,378
1975,405
1975,423
1975,409
1976,391
1976,403
1977,382
1978,448
1978,444
1979,377
1979,412
1979,396
1980,437
1980,382
1980,388
1981,421
1981,419
1981,382
1982,389
1982,382
1983,383
1983,434
1985,403
1985,424
1985,382
1986,399
1986,443
1986,424
1987,447
1987,406
1987,421
1988,411
1988,434
1988,448
1989,378
1989,444
1990,404
1990,384
1990,416
1991,378
1991,434
1991,409
1992,397
1992,405
1992,418
1994,411
1994,412
1995,393
1995,379
1996,389
1996,382
1998,390
1998,402
1998,389
1999,396
1999,421
1999,442
2000,421
2000,405
2001,423
2001,397
2002,396
2002,448
2003,442
2003,377
2003,424
2004,398
2004,396
2004,424
2005,449
2005,444
2005,381
2006,380
2006,424
2007,423
2007,447
2008,383
2008,379
2008,424
2009,383
2009,402
2010,389
2010,450
2011,394
2011,445
2011,444
2012,378
2012,377
2013,389
2013,437
2014,403
2014,412
2015,379
2015,409
2015,398
2016,381
2016,419
2016,380
2017,389
2017,409
2017,433
2019,409
2019,443
2020,384
2020,402
2020,391
2022,437
2022,388
2022,446
2023,386
2023,403
2023,398
2024,377
2024,376
2025,391
2025,386
2026,379
2026,409
2027,384
2027,450
2027,385
2028,386
2028,389
2028,448
2029,379
2029,405
2029,409
2030,385
2030,404
2030,423
2031,423
2031,442
2031,445
2032,393
2032,396
2032,442
2033,448
2033,398
2033,411
2034,389
2034,382
2035,394
2035,395
2035,393
2036,380
2036,424
2036,397
2037,404
2037,424
2037,434
2038,396
2038,419
2038,424
2039,448
2039,442
2040,384
2040,403
2041,405
2041,379
2042,389
2042,384
2043,393
2043,379
2044,377
2044,376
2045,378
2045,376
2045,409
2046,394
2046,396
2046,444
2047,382
2047,376
2047,450
2048,378
2048,409
2048,406
2049,384
2049,449
2049,442
2050,396
2050,379
2050,409
2051,404
2051,423
2051,378
2052,393
2052,448
2052,396
2053,404
2053,423
2053,382
2054,384
2054,385
2055,390
2055,379
2055,434
2056,434
2056,391
2056,443
2058,388
2058,423
2058,432
2059,396
2059,393
2059,424
2060,447
2060,423
2060,409
2061,389
2061,390
2061,423
2062,378
2062,423
2062,424
2063,376
2063,383
2064,441
2064,393
2064,421
2065,404
2065,376
2065,389
2066,389
2066,431
2067,421
2067,409
2067,431
2068,389
2068,443
2068,431
2069,411
2069,386
2069,379
2070,444
2070,379
2070,405
2071,432
2071,438
2071,380
2072,378
2072,450
2072,385
2073,381
2073,384
2073,380
2074,423
2074,384
2074,417
2075,384
2075,424
2075,423
2076,380
2076,381
2076,424
2077,391
2077,384
2077,424
2078,423
2078,396
2079,444
2079,405
2079,396
2080,423
2080,394
2080,424
2081,409
2081,419
2081,379
2082,394
2082,409
2082,379
2083,412
2083,434
2083,402
2084,377
2084,423
2085,379
2085,396
2086,448
2086,443
2087,447
2087,409
2087,393
2088,389
2088,402
2088,384
2089,412
2089,424
2089,396
2090,385
2090,406
2091,445
2091,394
2092,438
2092,397
2093,379
2093,409
2094,386
2094,420
2095,445
2095,450
2096,421
2096,423
2096,450
2097,421
2097,380
2097,423
2098,438
2098,423
2098,386
2099,448
2099,381
2099,447
2100,402
2100,411
2100,412
2101,389
2101,388
2101,417
2102,384
2102,385
2103,434
2103,402
2103,383
2104,394
2104,419
2104,409
2105,390
2105,403
2105,421
2106,405
2106,419
2106,449
2107,438
2107,418
2107,433
2108,389
2108,445
2109,377
2109,424
2110,399
2110,400
2111,386
2111,385
2112,423
2112,381
2113,376
2113,424
2114,377
2114,385
2114,380
2115,403
2115,423
2115,377
2116,444
2116,379
2116,423
2117,394
2117,444
2118,384
2118,424
2119,437
2119,391
2120,378
2120,377
2120,423
2121,447
2121,444
2121,409
2122,386
2122,406
2122,450
2123,411
2123,412
2124,445
2125,396
2125,379
2126,383
2126,423
2126,403
2127,388
2127,423
2127,437
2128,384
2128,423
2128,424
2129,377
2129,424
2129,434
2130,379
2130,398
2130,424
2131,389
2131,424
2131,397
2132,378
2132,442
2132,417
2133,380
2133,379
2133,438
2134,381
2134,416
2134,414
2135,447
2135,421
2135,409
2136,404
2136,424
2136,382
2137,386
2137,442
2137,424
2138,380
2138,423
2138,409
2139,404
2139,423
2139,400
2140,394
2140,421
2140,419
2141,397
2141,380
2141,450
2142,412
2142,402
2142,409
2143,391
2143,389
2143,385
2144,383
2144,391
2145,393
2145,398
2146,441
2146,393
2147,412
2147,391
2147,406
2148,393
2148,396
2148,379
2149,422
2149,405
2149,417
2150,376
2150,442
2150,423
2151,393
2151,419
2151,423
2152,416
2152,382
2152,423
2153,377
2153,423
2153,420
2155,396
2155,394
2155,444
2156,376
2156,412
2156,447
2157,447
2157,377
2157,379
2158,393
2158,396
2158,419
2159,384
2159,385
2160,416
2160,417
2160,437
2161,421
2161,405
2161,409
2162,444
2162,409
2162,406
2163,434
2163,376
2163,404
2164,447
2164,399
2164,409
2165,442
2165,381
2165,423
2166,389
2166,381
2166,423
2167,378
2167,377
2167,409
2168,376
2168,383
2168,423
2169,378
2169,380
2169,406
2170,393
2170,389
2170,419
2171,377
2171,376
2171,423
2172,446
2172,423
2172,382
2173,382
2173,387
2173,381
2174,389
2174,386
2174,382
2175,387
2175,423
2175,410
2176,395
2176,379
2176,446
2177,412
2177,423
2178,382
2178,431
2179,437
2179,423
2180,446
2180,423
2180,424
2181,377
2181,423
2181,424
2182,402
2182,403
2182,423
2183,448
2183,423
2183,437
2184,391
2184,424
2184,423
2185,404
2185,424
2185,416
2186,377
2186,402
2186,376
2187,376
2187,423
2187,389
2188,448
2188,447
2188,444
2189,412
2189,423
2189,378
2190,437
2190,391
2190,432
2191,384
2191,432
2191,409
2192,424
2192,380
2192,423
2193,377
2193,424
2193,397
2194,423
2194,419
2194,444
2195,421
2195,444
2195,406
2197,396
2197,444
2197,431
2198,393
2198,409
2198,379
2199,383
2199,376
2199,403
2200,414
2200,420
2200,382
2201,377
2201,424
2201,385
2202,391
2202,423
2202,414
2203,411
2203,391
2203,423
2204,378
2204,380
2204,450
2205,389
2205,437
2205,387
2206,398
2206,379
2206,419
2207,378
2207,423
2208,404
2208,434
2208,423
2209,388
2209,382
2210,380
2210,379
2210,424
2211,376
2211,434
2211,424
2212,416
2212,417
2212,437
2213,394
2213,423
2213,409
2214,444
2214,379
2214,409
2215,447
2215,423
2215,379
2216,378
2216,424
2217,384
2217,424
2217,381
2218,398
2218,396
2218,424
2219,403
2219,448
2219,423
2220,438
2220,424
2221,423
2221,416
2221,417
2222,412
2222,424
2222,448
2223,396
2223,379
2223,419
2224,434
2224,424
2224,400
2225,383
2225,377
2225,376
2226,385
2226,386
2227,395
2227,396
2228,380
2228,409
2228,398
2229,423
2229,412
2229,399
2230,389
2230,382
2230,381
2231,448
2231,423
2232,403
2232,383
2232,423
2233,405
2233,423
2233,419
2235,401
2235,394
2235,447
2236,393
2236,436
2236,438
2237,385
2237,450
2238,387
2238,381
2239,421
2239,444
2240,421
2240,444
2240,379
2242,448
2242,381
2242,379
2243,389
2243,423
2244,412
2244,423
2244,409
2245,447
2245,423
2245,409
2246,409
2246,442
2246,406
2248,421
2248,442
2248,444
2249,412
2249,378
2250,410
2250,403
2251,444
2251,379
2252,411
2252,402
2252,382
2253,377
2253,397
2253,447
2254,393
2254,419
2254,444
2255,442
2255,434
2256,384
2256,397
2258,448
2258,382
2259,391
2259,397
2259,437
2260,406
2260,427
2260,442
2261,410
2261,383
2261,397
2262,442
2262,381
2262,409
2263,448
2263,381
2263,386
2264,444
2264,379
2264,377
2265,401
2265,376
2265,377
2266,442
2266,403
2266,397
2267,383
2267,416
2267,410
2268,396
2268,409
2268,394
2269,384
2269,404
2269,426
2270,396
2270,442
2270,424
2271,406
2271,442
2271,441
2272,400
2272,434
2272,424
2273,395
2273,394
2273,447
2274,384
2274,385
2275,391
2275,382
2275,383
2276,385
2276,406
2277,393
2277,424
2278,416
2278,417
2279,396
2279,398
2279,438
2280,448
2280,399
2280,447
2281,403
2281,434
2281,402
2282,393
2282,409
2282,424
2283,412
2283,434
2283,424
2284,427
2284,424
2284,406
2285,447
2285,379
2285,444
2286,412
2286,377
2286,403
2287,391
2287,384
2287,381
2288,376
2288,423
2288,424
2289,448
2289,423
2290,398
2290,424
2290,405
2291,410
2291,437
2291,424
2292,377
2292,424
2292,402
2293,437
2293,419
2293,381
2294,434
2294,383
2295,380
2295,379
2295,428
2296,437
2296,420
2297,393
2297,396
2297,444
2297,381
2298,448
2298,410
2298,397
2299,389
2299,437
2299,443
2300,448
2301,394
2301,379
2301,409
2302,398
2302,430
2303,384
2303,385
2304,436
2304,406
2304,431
2305,393
2305,435
2305,431
2306,397
2306,391
2306,433
2307,393
2307,419
2307,396
2308,411
2308,376
2308,434
2309,447
2309,424
2310,393
2310,396
2310,424
2311,421
2311,393
2311,381
2312,437
2312,414
2314,411
2314,412
2315,383
2315,403
2315,424
2316,389
2316,437
2316,424
2317,384
2317,397
2317,424
2318,434
2318,403
2318,384
2319,437
2319,382
2320,394
2320,393
2320,395
2321,442
2321,423
2322,447
2322,423
2322,421
2323,397
2323,385
2323,423
2324,379
2324,409
2324,419
2325,383
2325,403
2325,377
2326,381
2326,432
2326,420
2327,376
2327,424
2327,404
2328,379
2328,442
2328,424
2329,389
2329,421
2329,437
2330,399
2330,448
2331,396
2331,419
2331,394
2332,376
2332,391
2332,404
2334,432
2334,384
2334,419
2335,401
2335,423
2335,450
2336,377
2336,424
2336,378
2337,397
2337,424
2337,385
2338,379
2338,419
2338,424
2339,377
2339,376
2340,421
2340,409
2341,410
2341,422
2342,378
2342,376
2342,423
2343,448
2343,423
2343,376
2344,404
2344,432
2344,423
2345,422
2345,434
2345,423
2346,423
2346,386
2347,386
2347,385
2347,431
2348,409
2348,419
2349,422
2349,450
2350,378
2350,435
2351,394
2351,412
2351,409
2352,409
2352,376
2352,410
2353,386
2353,406
2353,389
2354,395
2354,380
2354,423
2355,437
2355,389
2355,423
2356,384
2356,433
2356,423
2357,424
2357,377
2357,386
2358,442
2358,405
2358,424
2359,389
2359,386
2359,450
2360,411
2360,434
2360,402
2361,444
2361,379
2362,388
2362,389
2363,380
2363,378
2364,378
2364,434
2364,406
2365,414
2365,419
2365,387
2366,394
2366,393
2366,378
2367,383
2367,423
2367,420
2368,423
2368,411
2368,442
2369,448
2369,406
2369,423
2370,389
2370,437
2370,423
2371,396
2371,394
2371,423
2372,376
2372,402
2373,438
2373,432
2374,444
2374,379
2374,396
2375,377
2375,406
2376,402
2376,434
2376,377
2377,416
2377,409
2378,448
2378,419
2379,389
2379,437
2379,424
2380,399
2380,400
2380,424
2381,438
2381,384
2382,388
2382,437
2382,383
2383,393
2383,396
2383,409
2384,377
2384,406
2384,424
2385,437
2385,424
2385,386
2386,447
2386,406
2386,396
2387,379
2387,396
2387,419
2389,395
2389,379
2389,405
2390,444
2390,379
2391,383
2391,391
2391,376
2392,395
2392,399
2393,393
2393,396
2394,390
2394,423
2395,382
2395,414
2395,381
2396,411
2396,381
2396,442
2397,377
2397,385
2397,406
2398,379
2398,398
2398,381
2399,412
2399,377
2399,402
2400,394
2400,419
2400,444
2401,386
2401,382
2401,403
2402,391
2402,381
2402,430
2403,448
2403,381
2403,379
2404,402
2404,383
2404,410
2405,409
2405,396
2405,398
2406,385
2406,420
2406,386
2407,412
2407,409
2407,399
2408,384
2408,424
2408,423
2409,399
2409,401
2409,423
2410,393
2410,396
2410,409
2411,411
2411,404
2412,393
2412,405
2412,391
2413,438
2413,405
2413,433
2414,424
2414,389
2415,389
2415,424
2415,386
2416,378
2416,380
2417,379
2417,380
2418,387
2418,450
2419,385
2419,423
2419,381
2420,386
2420,385
2420,431
2421,399
2421,423
2421,441
2422,378
2422,448
2422,376
2423,396
2423,381
2423,445
2424,438
2424,396
2424,443
2425,377
2425,424
2425,434
2426,389
2426,386
2426,424
2427,411
2427,402
2427,424
2428,376
2428,434
2428,404
2429,432
2429,386
2430,379
2430,442
2430,444
2431,448
2431,378
2431,423
2432,423
2432,380
2432,386
2433,379
2433,442
2433,444
2434,380
2434,397
2435,442
2435,423
2435,412
2436,404
2436,423
2436,403
2437,412
2437,378
2438,438
2438,384
2439,447
2439,406
2440,377
2440,442
2440,424
2441,422
2441,423
2441,424
2442,417
2442,389
2442,423
2443,378
2443,424
2444,388
2444,424
2444,442
2445,405
2445,379
2445,450
2446,394
2446,423
2446,396
2448,384
2448,424
2448,423
2449,383
2449,434
2449,423
2450,393
2450,409
2450,423
2451,423
2451,412
2451,434
2452,389
2452,424
2453,384
2453,424
2454,444
2454,393
2455,377
2455,397
2455,450
2456,383
2456,390
2456,423
2457,409
2457,380
2457,423
2459,376
2460,398
2460,438
2462,393
2462,442
2462,409
2463,444
2463,409
2463,436
2464,378
2464,423
2464,424
2465,382
2465,389
2466,421
2466,394
2466,443
2467,403
2467,391
2467,377
2468,393
2468,394
2468,445
2469,439
2469,424
2469,438
2470,376
2470,434
2470,377
2471,393
2471,444
2471,405
2472,390
2472,388
2473,377
2473,412
2473,424
2474,383
2474,423
2474,403
2475,396
2475,394
2475,409
2477,421
2477,444
2477,405
2478,386
2478,420
2478,382
2479,412
2479,378
2479,410
2480,390
2480,437
2481,395
2481,396
2481,419
2482,438
2482,424
2483,412
2483,378
2483,423
2484,394
2484,419
2484,443
2485,447
2485,379
2485,406
2486,386
2486,391
2486,387
2488,442
2488,445
2488,381
2489,398
2489,424
2489,419
2490,383
2490,437
2490,404
2491,412
2491,434
2491,424
2492,393
2492,396
2492,409
2493,384
2493,435
2493,424
2494,384
2494,385
2495,448
2495,423
2495,379
2496,416
2496,382
2497,383
2497,423
2497,434
2498,405
2498,389
2498,407
2499,397
2499,438
2499,405
2500,411
2500,376
2501,402
2501,400
2501,447
2503,379
2503,409
2503,398
2504,377
2504,424
2504,406
2505,416
2505,424
2505,402
2506,448
2506,419
2507,434
2507,419
2507,444
2508,434
2508,403
2508,404
2509,412
2509,378
2509,448
2510,420
2510,437
2510,391
2511,444
2511,435
2511,394
2512,419
2512,409
2512,382
2513,377
2513,409
2513,402
2514,381
2514,441
2514,432
2515,378
2515,423
2515,434
2516,404
2516,402
2516,423
2517,413
2517,420
2518,384
2519,403
2519,376
2520,396
2520,444
2522,403
2522,378
2522,424
2523,398
2523,393
2523,424
2525,385
2525,406
2525,450
2526,450
2526,423
2526,435
2527,394
2527,412
2527,376
2528,379
2528,396
2528,389
2529,386
2529,381
2529,406
